,y_pred_prob,y_pred_labels,y_true_labels
3613,0.2654241387893865,0,0
4233,0.3272345106018366,0,0
904,0.4727799076478366,0,0
5365,0.4217135668725182,0,1
5705,0.5505648391625729,1,0
5032,0.20941972009211318,0,0
3939,0.36910992562210226,0,0
4907,0.09045746383688806,0,0
3193,0.5780996195554001,1,1
5177,0.9248397244934511,1,1
2677,0.9275686964707657,1,1
596,0.5064743988372803,1,0
2208,0.5345572045874367,1,0
268,0.27043225905031487,0,0
5106,0.8331334704583407,1,0
3976,0.574974946683601,1,1
3007,0.26131605918762035,0,0
2218,0.384280039611016,0,1
1225,0.29231928058320583,0,0
4668,0.3722871247574292,0,0
1819,0.7006894698999272,1,0
5159,0.28720998943792664,0,1
5419,0.5873957594906402,1,1
3013,0.27827407833108786,0,0
6381,0.6764450687992403,1,0
3838,0.37981689311301653,0,0
3631,0.1803602151518053,0,0
5632,0.2945603214787322,0,0
1323,0.48429614758755224,0,0
3692,0.640193637605791,1,1
5211,0.2552618620755101,0,0
1824,0.30397444719439487,0,0
5768,0.4719900643437495,0,1
1679,0.8552557925359794,1,0
2582,0.4961391125579927,0,1
4890,0.3909602962482097,0,0
6454,0.885536087731768,1,1
394,0.6814497220608855,1,0
216,0.5658580550395093,1,0
3587,0.7145981036849656,1,0
530,0.1756750583547385,0,0
199,0.31568595474911876,0,1
4012,0.9334792672892193,1,1
5945,0.27045845972457133,0,0
920,0.3693473630094316,0,0
1296,0.5820841256738333,1,1
2525,0.7143812321167411,1,1
6647,0.5326953666836539,1,0
6587,0.28608405101520984,0,1
2369,0.34643592220566355,0,0
6553,0.4349575554130341,0,0
4206,0.4124744705273743,0,0
2720,0.3017950668338747,0,0
4885,0.37034090023250915,0,1
4699,0.8432527357917975,1,1
1731,0.6965902498298332,1,0
648,0.7091324067282793,1,0
264,0.5760915851029247,1,1
4516,0.31612138045772026,0,0
5838,0.7353487831764732,1,0
5008,0.2451062448679899,0,0
6052,0.14413300340009444,0,0
3156,0.5535928736716942,1,1
5801,0.34609223919674065,0,1
1616,0.23354928699727068,0,0
6738,0.8288868838243068,1,0
7188,0.3021216363963965,0,0
5699,0.9206646657706333,1,0
4387,0.7638103006370207,1,0
3895,0.9221491450225617,1,1
5695,0.88630543437484,1,1
7023,0.7251712583578586,1,1
6790,0.7933404800486943,1,0
2378,0.5488999431459571,1,1
4790,0.473228395039119,0,0
4617,0.21159091954671666,0,0
6154,0.5155415218234921,1,0
2175,0.29948155873799154,0,0
4465,0.5346447510836655,1,0
4323,0.057393047028609964,0,0
6505,0.3548160112528424,0,0
2570,0.7595102613788918,1,1
1287,0.25948821122064814,0,0
5652,0.5254758303180604,1,0
6624,0.6074349050169834,1,1
2761,0.25343561119327745,0,0
4066,0.400229154438833,0,0
2699,0.32726842893836233,0,0
1503,0.7797492530898887,1,1
5082,0.31924480041758535,0,1
384,0.8853092331272786,1,1
2098,0.09996977361983242,0,0
2527,0.49677488107329293,0,0
5751,0.4504179559120182,0,1
3160,0.5906341508365948,1,0
2879,0.6435266719658965,1,0
3867,0.5865551968154903,1,1
5438,0.8128886674784391,1,1
1099,0.45226234718785707,0,1
6971,0.41554726502190975,0,1
6550,0.3334890303543193,0,1
3476,0.5781100486623376,1,1
3422,0.9533646451867925,1,0
4676,0.31746077737679046,0,1
2915,0.4351594633869953,0,0
5215,0.35969461607925374,0,0
1423,0.2404277561918341,0,1
5566,0.40384174408088247,0,0
4216,0.5701292163581075,1,0
1894,0.8465190754069413,1,1
7167,0.5474443972169803,1,0
4698,0.27764350960515216,0,0
606,0.26635187787363057,0,0
1242,0.3119898377962121,0,0
1920,0.7296311049432642,1,0
5799,0.5480068353566132,1,0
2689,0.22132206101461718,0,1
2073,0.7859787561149383,1,1
1045,0.5547531324492687,1,0
2030,0.422362914896366,0,0
2900,0.7888570341839144,1,1
5619,0.32449518835144303,0,1
2347,0.07061856071565742,0,0
4118,0.573889054254624,1,1
569,0.3976154935392412,0,1
2687,0.7274665238922742,1,1
1881,0.8066620734105938,1,1
6296,0.5599707373661637,1,1
7001,0.8624332443675912,1,1
5467,0.9265695014100902,1,1
6038,0.5426713655209333,1,0
2528,0.49268765413304194,0,1
405,0.8915381756837688,1,1
1999,0.2580219349651808,0,0
5841,0.5054222966066705,1,0
5319,0.8863145164858106,1,1
5293,0.7642784738154721,1,1
4602,0.3141797699163806,0,1
6595,0.4379912683069147,0,0
5978,0.23895379269468495,0,0
5665,0.6056923068565543,1,1
1336,0.17659500744129755,0,0
6522,0.2515916499124708,0,0
4938,0.49040097260367055,0,0
4580,0.5963661876599895,1,0
1231,0.18747470572863156,0,1
1766,0.4029204922961453,0,0
5499,0.32523897814862784,0,0
3327,0.5081350769105425,1,1
5028,0.2418901598851574,0,0
6583,0.8269951565212754,1,1
4620,0.84609143047315,1,0
6836,0.4885772758491916,0,1
6267,0.6160339239195963,1,1
4004,0.5652981495551468,1,0
3195,0.41741921365079265,0,1
4409,0.4728557977186294,0,1
565,0.3719214755231404,0,0
6746,0.7309088636343146,1,0
5490,0.17368236102252238,0,0
2705,0.46711641629795225,0,1
2286,0.5577040713066702,1,1
4706,0.5156729385140458,1,0
1085,0.528854665680853,1,0
418,0.0594953844240815,0,0
5092,0.15061670760550244,0,0
2075,0.6798121964922248,1,1
84,0.8879504298464951,1,1
7118,0.6917866434094901,1,1
5114,0.6086365977392764,1,1
128,0.4075629945096305,0,0
7165,0.7019953521601918,1,1
6992,0.5118390492003686,1,0
2840,0.9682581615126818,1,1
5734,0.19699356850601202,0,1
2041,0.3407289419195405,0,0
3645,0.23120323437872684,0,0
4556,0.34362574104453625,0,0
1577,0.12665120316243178,0,0
5441,0.5760286478427135,1,0
248,0.49562945058314056,0,1
179,0.07630619316463208,0,1
1338,0.6149985242176569,1,1
6799,0.25026879260610013,0,0
4215,0.4483321408616432,0,1
515,0.361189744761312,0,0
6268,0.3705680878587856,0,0
3451,0.13176896733978727,0,0
443,0.5398302964274064,1,1
1329,0.9334073877843737,1,1
1371,0.7741158468411884,1,1
4836,0.5202957441634058,1,1
989,0.6308748253618548,1,0
4766,0.06258280128223215,0,0
1247,0.42098379017577103,0,0
6179,0.37112638561426575,0,1
5847,0.5520500393201372,1,1
149,0.7478087258875383,1,1
4942,0.5689048148911731,1,0
2686,0.6405351817816825,1,1
1655,0.7983389602866132,1,0
2710,0.6229102971980918,1,0
4281,0.8272768966329219,1,1
5182,0.18580227045494624,0,0
110,0.5074532879199306,1,1
5771,0.3525248119218721,0,0
1463,0.8749486215049044,1,1
992,0.5848922878357249,1,0
3872,0.7491958602748324,1,0
2631,0.79114526563871,1,1
4173,0.833025779846455,1,1
782,0.6445176546496706,1,1
5360,0.4616014724932346,0,0
3026,0.39649170927225674,0,0
3998,0.8852263184198916,1,1
1471,0.03829162549978077,0,0
7049,0.2414145465115145,0,0
3039,0.27714752165602574,0,0
3371,0.7403390558645514,1,0
4713,0.5603546751626054,1,1
943,0.8136880690802976,1,1
546,0.33120177235217024,0,0
1141,0.5622475965968101,1,1
4145,0.8418787454842993,1,1
6886,0.8292585905090404,1,0
2363,0.23487638708930436,0,0
1702,0.5273437038159859,1,0
6684,0.9684623723738982,1,1
5510,0.18959755658836083,0,1
436,0.667444572432999,1,1
1079,0.06782591136351263,0,0
4166,0.762550550684579,1,1
1018,0.2624619908017297,0,0
6172,0.3065093514650598,0,1
3754,0.46357093155156137,0,1
4595,0.21504640397296648,0,1
6878,0.1494790167387672,0,1
280,0.6099319046843611,1,0
5057,0.34049884400311176,0,0
4990,0.6713533585695446,1,0
3511,0.4061688797944424,0,1
960,0.3664678426209892,0,1
5079,0.5068976787823652,1,1
805,0.399867281025716,0,0
1830,0.6585215393024646,1,1
3192,0.4990316217106567,0,1
2901,0.08856498005393158,0,0
6314,0.6665312138451956,1,0
4483,0.6761556233431926,1,1
430,0.6025665746194176,1,1
5347,0.6396833119010376,1,0
1453,0.5199392396540302,1,0
6190,0.6497313326251172,1,1
99,0.46623710563701964,0,1
6767,0.8291732394592027,1,1
723,0.12525382092059395,0,0
7024,0.6196062681030755,1,1
170,0.26765983990537756,0,0
6962,0.27860661813297427,0,0
1937,0.4108962640522011,0,0
6448,0.43060334021730656,0,0
1782,0.42367629725496125,0,0
522,0.3121905390723756,0,1
2222,0.22600772971103567,0,0
2131,0.6310274335969728,1,1
5225,0.44385328778026184,0,1
593,0.5403677023241207,1,1
7062,0.748445323827896,1,1
700,0.41712152646864303,0,0
6803,0.5411997067886982,1,1
4163,0.42923696066982,0,0
4998,0.9375935834192133,1,1
7204,0.39244241465682467,0,0
1036,0.11611586508415458,0,0
287,0.3809440243115371,0,0
1542,0.2694540843651209,0,0
5954,0.11191861220207885,0,1
3689,0.1575320023026409,0,0
1786,0.7154818094754143,1,0
610,0.4364281828898164,0,0
6438,0.6403106963831118,1,0
6370,0.053461199578977874,0,0
1107,0.7892753953735689,1,0
223,0.39629324956989315,0,1
3244,0.3508035622310746,0,1
3676,0.20674672709526243,0,1
1215,0.6461374517607451,1,1
4715,0.6540293504630947,1,0
2771,0.7492025071994255,1,1
6905,0.3846151884239633,0,1
4801,0.5381708937256031,1,1
466,0.8357578034238309,1,0
1080,0.2885593429930601,0,0
6336,0.6808440704481735,1,1
3880,0.4469453673966525,0,1
4646,0.7978462151232303,1,0
1288,0.35091139382512965,0,0
2625,0.43649410478224804,0,0
3252,0.3498252966692736,0,0
478,0.41715299885481005,0,0
6101,0.2690007636053859,0,0
1169,0.4202840899437026,0,0
2793,0.6524652972131738,1,0
3961,0.4654466491840836,0,1
1250,0.1781693120271477,0,0
4314,0.4467201743447392,0,0
5636,0.45446667440911576,0,1
5851,0.31953945555996727,0,1
4760,0.23430060504674152,0,0
1548,0.12283394880102456,0,0
3103,0.6154877370677792,1,0
4914,0.7268040447223152,1,1
2160,0.4334459285177312,0,0
4506,0.3890685194894057,0,0
6280,0.5971702905917319,1,0
5108,0.8581411216527325,1,1
5056,0.194327037171369,0,0
2408,0.288404675929363,0,0
605,0.6273177709972246,1,1
3522,0.2967892112095976,0,1
7142,0.36532319574078065,0,0
6178,0.3945903990584276,0,1
433,0.619743630958331,1,1
2844,0.22558602081256574,0,1
6041,0.2720313591703815,0,0
3326,0.35382235434697273,0,0
153,0.8521884735751343,1,1
3127,0.22581417112637353,0,1
3226,0.46074725684039536,0,0
3490,0.8998466037647783,1,1
3953,0.42773856343890027,0,1
6750,0.48972100254378753,0,1
3294,0.3631636621000024,0,1
3800,0.9712919410519049,1,1
5085,0.4373819696460057,0,0
4001,0.49149041285395756,0,1
1699,0.4977425873782168,0,0
48,0.47255365376640396,0,1
419,0.7254519154112512,1,1
5130,0.20879774706626847,0,0
7003,0.3687076029410062,0,1
3507,0.7572150759332096,1,1
303,0.2680400439052435,0,1
1334,0.42316908619006527,0,0
6445,0.34146535045395077,0,1
6864,0.46701361982920914,0,1
3105,0.29574533845368056,0,0
1841,0.0956168567652109,0,0
6355,0.2766459621861517,0,1
321,0.3016105498971735,0,0
5461,0.6860541122022333,1,1
4205,0.7638396465621524,1,1
950,0.4160921888331926,0,0
793,0.0771039570142519,0,0
4116,0.3898183006182455,0,0
2471,0.25254240792342053,0,1
2170,0.35796721871238,0,0
290,0.4714230187199037,0,1
5944,0.5434496441613794,1,0
3987,0.9159472007691978,1,1
3996,0.705874342678258,1,1
554,0.38421777880479385,0,1
876,0.6419383949119337,1,1
330,0.21230629965095854,0,0
6900,0.919969529567534,1,1
6358,0.588260282840621,1,1
3713,0.3851919801706215,0,1
1076,0.2066427740920233,0,0
6176,0.45548288591661273,0,0
1285,0.638962241660115,1,0
1485,0.4566860439620816,0,0
1926,0.14427530319365292,0,0
832,0.7517150366502786,1,1
2256,0.45330185746425244,0,1
1332,0.30716713053217876,0,0
2803,0.4259520032772138,0,1
5786,0.254536607482896,0,0
262,0.35602310952350125,0,0
2530,0.10825370982036778,0,0
6742,0.7261857798303637,1,1
3214,0.1251941985497813,0,0
4576,0.7096207777721165,1,1
669,0.4977756002807052,0,0
1912,0.734030125326482,1,1
4495,0.32190373276160794,0,0
4753,0.8690684686978853,1,1
984,0.5781142088086672,1,1
5402,0.5453854777340241,1,1
5932,0.20500092509511977,0,0
3848,0.4029439113560015,0,1
5815,0.3177350785986723,0,1
4634,0.5922634984277577,1,0
5265,0.6108801979614304,1,1
6781,0.9326247868777542,1,1
5982,0.4802111060529624,0,0
3038,0.8964814698149833,1,1
5876,0.2407550900504801,0,1
2002,0.5328929018968701,1,1
1377,0.213564858408023,0,0
2574,0.8457179666437981,1,0
6468,0.788938337514904,1,0
6867,0.3532097105278284,0,0
2532,0.41312082080599455,0,1
1203,0.09912380584948773,0,0
5837,0.3604280028594649,0,0
1320,0.6081799041788081,1,1
5748,0.5890959758008446,1,1
2066,0.09339378208709358,0,0
5643,0.4561358363387412,0,0
1465,0.46780509078000837,0,0
1864,0.6321251630154343,1,0
3812,0.6416359803905198,1,1
6421,0.5477758541565514,1,1
4360,0.7032259615397494,1,1
4114,0.9249026988790988,1,1
2750,0.23165076834328008,0,0
6037,0.31962242046044276,0,0
5378,0.4191032038596638,0,1
3217,0.5884467758899244,1,0
4347,0.5281048523549687,1,0
1574,0.4576583520421238,0,0
23,0.129179567247627,0,0
3573,0.4712316824918266,0,0
5564,0.3807698011389673,0,0
6249,0.8832718036188343,1,1
6719,0.4195821327421604,0,0
6957,0.08717802577288292,0,0
2328,0.47469823529670424,0,1
6449,0.23069659101538614,0,0
3391,0.15440905750927567,0,0
2225,0.45690726455335234,0,1
847,0.8787232219141563,1,1
218,0.17454918906742295,0,0
4543,0.3171599499478027,0,1
3411,0.42865294974954715,0,0
6614,0.3202015977668856,0,0
5853,0.3559802012158991,0,0
3862,0.095243435064552,0,0
3777,0.22279126556801604,0,0
677,0.11896179242929653,0,0
2824,0.5091929343703422,1,0
2276,0.16206311494657158,0,0
4966,0.8552857604134037,1,0
706,0.2259893248731349,0,0
4502,0.5756595698817594,1,1
6951,0.8857476829182508,1,0
599,0.7114905448949025,1,1
1914,0.41736672243016504,0,1
3112,0.30399847680469005,0,0
4178,0.5685169662227718,1,0
3272,0.3027483200885197,0,1
2861,0.6202230431400083,1,1
7184,0.4046711444439633,0,1
607,0.09593978113357458,0,0
1223,0.2678368057708141,0,0
6247,0.9346811509184921,1,1
30,0.6351475923892054,1,1
5027,0.4493438942146972,0,0
858,0.7516575230234294,1,0
7152,0.7027801939680155,1,1
1605,0.3125183651148584,0,0
6880,0.5417200014798018,1,0
592,0.32038311192014834,0,0
3786,0.5136149601222327,1,1
4788,0.42310625585018935,0,1
6511,0.6352381983834751,1,1
4657,0.2569837565092862,0,0
2026,0.9903392988242197,1,1
6466,0.38642618691775926,0,0
3858,0.31319519778880367,0,1
3810,0.6415712776048141,1,1
630,0.6664995504238952,1,0
453,0.781984229023519,1,1
2796,0.43571358761168005,0,0
2664,0.3253925797713393,0,0
360,0.45151499784557236,0,0
4083,0.3075324728063334,0,1
6537,0.7487966932867619,1,1
2423,0.19035124672878426,0,0
5161,0.6814469115665581,1,1
1982,0.19069457153636432,0,0
612,0.30532650637539566,0,0
6856,0.35335285574628517,0,0
3588,0.5625967891247035,1,1
4088,0.14533021506160843,0,0
4573,0.5164684294670017,1,1
898,0.4338311604360171,0,1
6384,0.7831444694493606,1,1
5465,0.44664382760813354,0,1
61,0.9555606518471711,1,1
3089,0.5279752591158,1,1
3570,0.4335050588846917,0,0
3032,0.19825357276545208,0,1
6769,0.9777351367882429,1,1
1687,0.3759405465697096,0,0
4071,0.39553211035811897,0,0
1068,0.25112138659525524,0,0
4336,0.15459377194223006,0,0
990,0.5419204452767349,1,0
2789,0.5402843988522733,1,1
4754,0.5047374240873791,1,1
64,0.9824953198379012,1,1
3937,0.9849782089465678,1,1
2512,0.4997483704242497,0,1
6463,0.12125725259376108,0,0
2461,0.3796286064123275,0,0
6089,0.35635453094546465,0,0
2511,0.4779800204778763,0,1
6327,0.24993464683250366,0,1
6271,0.10355203649574368,0,0
5153,0.5733203584418574,1,1
101,0.26628391045086997,0,0
5523,0.4784655535230866,0,0
3261,0.9627418181363379,1,1
3531,0.13370246788812779,0,0
4544,0.2005315347585135,0,0
143,0.11444445388814206,0,0
376,0.41196189370620484,0,1
2260,0.8976867225033498,1,1
6617,0.11882664963495461,0,1
3518,0.40679116769080165,0,0
3060,0.9257739966236064,1,1
3944,0.7814717794192204,1,0
2150,0.4963806482656888,0,1
334,0.3428614464349255,0,0
3076,0.29026400552026554,0,0
1411,0.3496707804301538,0,0
5278,0.26841803138188675,0,0
6354,0.050013737093145834,0,0
3074,0.3684097950716548,0,0
1265,0.670477380150878,1,1
3180,0.23664810419532828,0,0
1885,0.5267296682838954,1,1
1418,0.8802235538346171,1,0
6819,0.8968164509884113,1,0
320,0.729582408842054,1,1
4823,0.4555924240189255,0,0
4134,0.6389542967575573,1,0
7117,0.13212295864865192,0,0
289,0.1377141566407344,0,0
4972,0.13037396342245874,0,0
6348,0.5626863974352532,1,0
5969,0.5715032052054193,1,1
7149,0.6423030740323034,1,1
1764,0.41172836639221577,0,0
658,0.6077552994451793,1,1
6728,0.43560254188711733,0,0
3426,0.8556878107865578,1,0
1496,0.09180525789597868,0,0
1255,0.4132605291756258,0,0
1048,0.9043237217187178,1,1
6388,0.46035444907977274,0,1
4849,0.9512872839832958,1,1
6086,0.1326460440542402,0,0
6498,0.7395171776938672,1,1
5653,0.2808642426165127,0,0
3473,0.26810256134700367,0,0
1462,0.6283530411030294,1,0
5675,0.8584314867482234,1,1
1630,0.48482803050938755,0,1
3672,0.43489498632341467,0,0
694,0.4890043080065628,0,1
5049,0.24527127630312354,0,0
482,0.17182982158176177,0,1
495,0.7957996812285558,1,1
1958,0.3196668119942299,0,0
5285,0.10657932885173516,0,0
5343,0.7116625012124352,1,1
6368,0.49028879919615265,0,1
4933,0.42253453217278175,0,0
3842,0.545574378281213,1,1
281,0.4179538333900531,0,0
2711,0.836434821159881,1,1
1342,0.2933787801900216,0,0
5900,0.20389823656285358,0,0
6261,0.5053855582730737,1,1
4672,0.3272777579749153,0,0
4247,0.08470071786729119,0,0
33,0.18851266803489025,0,0
362,0.12871023196994352,0,0
3554,0.841935653038519,1,1
1301,0.9045515655871587,1,1
2448,0.1734969271501979,0,0
5273,0.28310086174024146,0,0
3972,0.33502190218378913,0,0
2240,0.38033471221253723,0,0
7094,0.6194905313511546,1,1
3853,0.31721272419014024,0,1
166,0.3072976253991877,0,0
5266,0.10277003988270222,0,0
895,0.4377540223654362,0,0
5113,0.2523659405694008,0,0
1291,0.37993879739048564,0,0
1004,0.7811657348736681,1,1
3922,0.22242879462665713,0,1
5200,0.3001309818169248,0,0
3790,0.23184847613038967,0,0
402,0.42475407594365966,0,0
1412,0.20950977385733463,0,0
3171,0.376047379914115,0,1
5859,0.7655759418193494,1,1
283,0.343517916676372,0,0
603,0.7244731004046222,1,1
338,0.3887235093970317,0,0
855,0.5352926172707243,1,0
3940,0.78444985277682,1,0
5608,0.9739508894172028,1,1
4258,0.08367618601272507,0,0
2067,0.684378545407329,1,0
713,0.9292476914195398,1,1
5858,0.8230547597643755,1,1
2719,0.539941690283203,1,0
2020,0.2037202525966484,0,0
4439,0.8737908380263806,1,1
1621,0.26984786129483473,0,0
7035,0.4983028564940762,0,0
1664,0.9438322289663074,1,0
4313,0.1616320141943442,0,0
7212,0.5162764823701679,1,0
1316,0.5498914602286507,1,1
123,0.4106271468867383,0,0
5820,0.2774899334239565,0,0
2908,0.686389442867282,1,0
5018,0.2317639530385656,0,0
4594,0.49932101893048986,0,0
3594,0.5930699066472709,1,0
2936,0.5898497285560218,1,1
3847,0.8890804652995157,1,1
3716,0.529113463814707,1,1
4093,0.297591913033981,0,0
6985,0.4454834761479828,0,1
4652,0.4172675549685015,0,0
6519,0.053885830021565446,0,0
676,0.9096754382682436,1,0
3995,0.8687009407591476,1,1
6364,0.7858920823154677,1,1
6231,0.5013426435042081,1,0
2314,0.3379601131092125,0,0
2239,0.05966491840133992,0,0
4614,0.2649363093138908,0,0
5397,0.4090862399301767,0,0
611,0.5934392271172707,1,1
2176,0.8891075782965393,1,0
3861,0.45709361069525983,0,1
4197,0.22167288290157453,0,0
88,0.33640637850588617,0,0
7191,0.16882636632123854,0,0
3230,0.8123038304031547,1,1
3845,0.5406412744808479,1,0
3597,0.513284317615884,1,0
3756,0.7865200176816718,1,1
3357,0.5973782484356095,1,1
22,0.4799781545163307,0,1
2005,0.3794790683103038,0,0
2059,0.9528391420294835,1,1
1933,0.5020123544137722,1,0
2654,0.5951145134599852,1,1
1689,0.5173913860760064,1,1
5433,0.4389122163179262,0,0
3680,0.9797921188681493,1,1
3640,0.4411572801184654,0,0
6675,0.46787395553319705,0,0
3169,0.6620566035987291,1,1
2673,0.6022974185382886,1,0
3285,0.8538674905390278,1,1
5005,0.767272682089653,1,1
2133,0.35969364655755004,0,0
588,0.8870775470031094,1,1
5202,0.631640839467209,1,1
5692,0.46198020703512993,0,0
5311,0.7006581028466269,1,0
6906,0.03581910709739355,0,0
2406,0.22310444095220863,0,0
591,0.4704233102203347,0,0
5732,0.5255981314218212,1,0
1671,0.7056434133138245,1,0
2072,0.29244085191161995,0,0
4373,0.34697098292021206,0,1
461,0.7356569698269171,1,1
4541,0.09379898834083682,0,0
3126,0.11474012496506855,0,0
7101,0.6686833913322493,1,0
3865,0.3387599688140864,0,0
3085,0.43895248028167405,0,1
6014,0.23637217569937066,0,1
5779,0.7624921187871196,1,0
3412,0.3949873622337373,0,0
710,0.8060470179642579,1,1
2093,0.29062190547581956,0,0
1512,0.6394854935344516,1,1
5483,0.8961570881189921,1,1
733,0.22087709750577056,0,0
1422,0.463638016947253,0,0
4901,0.6615658064239115,1,1
7014,0.8112391908117731,1,1
1321,0.9744430162280916,1,1
7123,0.5719721108048096,1,1
6188,0.6341299619061703,1,0
4132,0.3171949085732215,0,0
5422,0.6428978127892754,1,0
4102,0.4928300331032304,0,0
5702,0.09837603433310262,0,0
5033,0.32605149777019043,0,0
2842,0.7626090289478566,1,1
3377,0.8997829484874836,1,1
7038,0.17858290084467773,0,0
242,0.5563760176930113,1,1
2827,0.5855534960265505,1,0
5970,0.729032825609717,1,1
2018,0.5494408204126822,1,0
3071,0.4845413634206744,0,1
3938,0.3975128282829929,0,0
784,0.33267619336728316,0,0
6907,0.6854767832257255,1,1
3857,0.6057973127881287,1,1
5990,0.7779463451357436,1,1
6709,0.6273537834042038,1,0
5804,0.9370296650331614,1,1
73,0.932267876417344,1,1
2330,0.27705731483081814,0,0
6291,0.5704083787718017,1,1
6111,0.6748184156541237,1,1
40,0.6815123587067421,1,0
3771,0.5986936972287589,1,0
5756,0.28833554000073097,0,0
5987,0.6074111333785923,1,1
4585,0.39280488209095266,0,1
2384,0.46504056840539126,0,0
2358,0.33161578165323874,0,0
5046,0.09878922327317238,0,0
16,0.2746451504246873,0,0
3742,0.3332731607641064,0,1
3062,0.4233989462968869,0,1
5277,0.5415537134068812,1,0
2483,0.7909572334587504,1,0
4929,0.23165076834328008,0,0
1134,0.10437809659359619,0,0
5096,0.6545230486433472,1,1
5592,0.6859459824892904,1,1
5388,0.5614811547074378,1,1
1540,0.3524303223998769,0,1
342,0.3476997619462848,0,0
3153,0.4953189862047579,0,1
6274,0.7708546114706533,1,1
4130,0.23285950644263453,0,1
1924,0.3957252226263577,0,0
385,0.7263470865084117,1,0
5856,0.6671078517360507,1,1
1643,0.2779974897693929,0,0
6276,0.20084317348521355,0,0
4918,0.45550393874803924,0,0
4049,0.2852979287004719,0,0
4884,0.28911766199598865,0,0
6701,0.37835321402561056,0,0
1474,0.18344703049966737,0,0
1355,0.5359875182086735,1,1
7132,0.09884854672725746,0,1
2121,0.7311768026184031,1,0
2993,0.6345858351431655,1,0
1197,0.1707591905027964,0,0
6023,0.2733381848261652,0,0
7130,0.4583741435696192,0,1
7007,0.6252418605503451,1,1
197,0.37521871438392734,0,0
4633,0.14810943239479457,0,0
6944,0.2978421852352614,0,0
1168,0.3366911337905162,0,0
2185,0.27887310206099264,0,0
1872,0.6408046353614907,1,1
539,0.9339186516796721,1,1
5220,0.30493161331362906,0,0
6917,0.6857008485082515,1,1
1104,0.25266069941285735,0,1
370,0.6605655854638887,1,1
5878,0.37744681227193827,0,1
1078,0.5572424289289749,1,1
5558,0.649217272901762,1,1
2274,0.6914288090814926,1,1
4365,0.3296992584906055,0,1
933,0.7806115532430321,1,1
6499,0.7829082343688499,1,1
1988,0.5030785730128428,1,0
3975,0.1843132000982321,0,0
3638,0.9604742985884052,1,1
4104,0.9591837833141544,1,1
873,0.0924198773408121,0,0
5058,0.844991675680406,1,1
5533,0.8048446022892105,1,1
4589,0.4858239402115214,0,1
3792,0.6104965612244054,1,0
455,0.8503144372921484,1,0
6458,0.3134276159972857,0,1
5000,0.21906399882576355,0,0
380,0.2728480666074643,0,0
1929,0.08967334313665741,0,0
6203,0.19250611704562612,0,0
1568,0.8044028990574449,1,1
2897,0.21203934459441107,0,1
3705,0.704929310065811,1,0
2468,0.41924093563015385,0,1
3801,0.4697482041849711,0,1
3275,0.8654867487301195,1,1
336,0.5006386116364857,1,1
2227,0.4534441102755024,0,0
3097,0.44054300053193834,0,0
7144,0.5283201200246804,1,0
2815,0.8100911419937459,1,0
1950,0.3956116779309356,0,1
653,0.7833834474151034,1,1
4553,0.2831458847550534,0,0
449,0.3881635887693309,0,0
2317,0.3068035972036371,0,0
4399,0.4415485311069273,0,0
5245,0.1906234771566231,0,1
4255,0.20793280192470404,0,0
5869,0.5176715873627081,1,0
6385,0.3951265783135049,0,0
5780,0.034812364292609255,0,0
751,0.4364163288086532,0,0
6526,0.20442853991050586,0,0
5166,0.5432784842903978,1,1
2472,0.5355074494639375,1,1
4491,0.05739597031407435,0,0
5080,0.6030351858418519,1,1
659,0.6475898896417819,1,1
5610,0.2265579935259883,0,0
490,0.40945263733468784,0,0
6695,0.8718093853422278,1,0
2797,0.7904775839013121,1,1
1989,0.8676182554336005,1,1
6844,0.851129116870214,1,1
5607,0.5158535297449331,1,0
4154,0.2856841425188381,0,0
2925,0.3994310935423823,0,1
1393,0.694283029885842,1,0
3780,0.28600412357805355,0,0
5670,0.21010513848523715,0,0
1838,0.3171283844884771,0,1
2336,0.7292498364812847,1,1
6452,0.1485103235116225,0,0
407,0.5075452422481955,1,0
4408,0.6917004071642188,1,0
6515,0.8986289288713014,1,1
6961,0.27974140258167834,0,0
1570,0.3354097714640403,0,0
3533,0.7898485512994683,1,1
5529,0.5513371837863715,1,1
1526,0.08381557193477837,0,0
4582,0.39916094957468884,0,0
4776,0.5764030900977598,1,1
6548,0.59099095987294,1,0
6243,0.6246722777292135,1,1
4742,0.4423532225981634,0,1
4548,0.5443642194699131,1,1
1392,0.5385829494037979,1,1
2057,0.9201208175714275,1,1
2296,0.6067239418443005,1,1
7002,0.8155589397741966,1,1
818,0.29436333976496215,0,1
3394,0.9783983164038103,1,1
5633,0.31827668295783773,0,1
6057,0.3001686619585258,0,0
6923,0.41552360464071786,0,1
3846,0.3009452618856583,0,0
1206,0.8211782044497745,1,1
5126,0.5750961153694412,1,0
937,0.4277386381743637,0,1
4098,0.16745132599028306,0,0
4526,0.5676761454298551,1,0
1239,0.3638956349976651,0,1
4813,0.6507122181596391,1,1
2335,0.439924454381095,0,0
4769,0.1787132449125481,0,0
6215,0.2855701109972955,0,0
1521,0.9612972815813761,1,1
6405,0.2818431454764784,0,0
6862,0.7064154908461264,1,1
6194,0.8253485475957723,1,1
4588,0.4786148968660318,0,0
2754,0.9266282390846856,1,1
486,0.8398812421665669,1,1
5781,0.8515070308116697,1,0
3295,0.24026728188106194,0,0
2047,0.1932763916692527,0,0
3457,0.42896839299612444,0,0
4728,0.5263439008551452,1,1
1727,0.4881150880784238,0,1
1597,0.10019430571586356,0,0
1969,0.04590263237136568,0,0
1349,0.8049191105856018,1,1
4188,0.6444417646422319,1,1
5791,0.9691084017627272,1,1
43,0.4382661767014852,0,0
6285,0.8101348191093934,1,1
2123,0.14150674071271266,0,0
230,0.5427601748405739,1,0
5835,0.07009147064728778,0,0
4196,0.2377344632280431,0,0
5678,0.22082190915797342,0,1
3665,0.4496967227064627,0,0
905,0.05653806211959213,0,0
2053,0.2652244317927789,0,0
523,0.39767454507078565,0,0
2556,0.5701104093093778,1,0
958,0.5454300621197165,1,1
1114,0.17524219393486695,0,1
7102,0.5524939084356331,1,1
4615,0.34023497822921095,0,0
978,0.7446939025347674,1,1
6114,0.8077901142029872,1,1
4459,0.7537647436084021,1,1
743,0.9422052916058972,1,1
6946,0.9374834804173421,1,1
2576,0.6410402080720934,1,1
4457,0.4261631959711145,0,1
1083,0.22706124290896304,0,0
4400,0.9669670666624801,1,1
437,0.682575908256739,1,1
6748,0.27660560046808047,0,0
1110,0.42057802899696783,0,0
701,0.7684683469821889,1,1
4661,0.3841664574669074,0,1
3906,0.6297993335841725,1,1
6524,0.3930378234192298,0,1
6839,0.49276083483268046,0,1
1803,0.9869519536440052,1,1
4407,0.2329134109620156,0,0
4472,0.7063703588428082,1,0
3234,0.4401122537092296,0,0
3486,0.6269891885229067,1,0
474,0.7826842035476299,1,1
1692,0.3810682935034893,0,1
917,0.7683767385867591,1,1
6017,0.65063796713681,1,1
5502,0.5538793891484947,1,1
4382,0.34417380154031735,0,1
5173,0.724192970179279,1,0
5966,0.8481715338468196,1,1
3296,0.4152212385723498,0,0
346,0.7712124446001917,1,1
3524,0.3758055459299618,0,0
6255,0.6664174156492377,1,1
5462,0.43803227684632845,0,1
6106,0.9257331228963863,1,1
5600,0.5032083790889645,1,0
2414,0.1613371076943615,0,1
5423,0.49736046225064195,0,1
831,0.9181659415474085,1,0
5813,0.44059610990814824,0,0
3303,0.7239435107140882,1,1
5941,0.9659419343441429,1,1
6543,0.49783328198766535,0,1
2226,0.2755528242543621,0,0
1394,0.9748509416420179,1,1
2431,0.13672124203514194,0,0
1586,0.9989324236089986,1,0
442,0.782434108234932,1,1
6309,0.6666884600814663,1,1
1716,0.7972884872927448,1,0
4044,0.6800224410993357,1,1
1541,0.5065098784325078,1,0
1684,0.722964217014724,1,0
6124,0.6144393028038451,1,0
2178,0.2144542412812632,0,1
662,0.34968998226401105,0,0
6940,0.8261543646146139,1,0
3526,0.30900315927301236,0,0
6134,0.8578874391580621,1,0
3761,0.3726856357604567,0,0
6887,0.14417188895418176,0,0
1902,0.35626929859080403,0,0
4694,0.3557457758848532,0,0
597,0.877150894062931,1,1
4159,0.16972408604510084,0,0
4112,0.32836361294018845,0,0
1230,0.8247651096862731,1,1
1583,0.727584948985043,1,1
2543,0.10277003988270222,0,0
5133,0.3562512828237454,0,1
7131,0.7227549277849046,1,0
2517,0.15164571408172842,0,0
6472,0.6803425942800476,1,0
2398,0.17255516065561396,0,0
4794,0.09473790385320748,0,0
5920,0.5332811660592759,1,0
2839,0.5523560648643414,1,0
3040,0.8720118731638817,1,1
1259,0.8406809447996137,1,1
1628,0.7052991964423191,1,0
3467,0.5538841182461046,1,0
1661,0.6996459735695777,1,0
4135,0.6266936035022044,1,1
5040,0.5196770459355754,1,1
4352,0.40333643795297475,0,0
3839,0.3496707804301538,0,0
4752,0.8568894261399469,1,1
3106,0.9529947407085161,1,1
3108,0.8481865454592333,1,0
157,0.033050753443212275,0,0
6597,0.7920162380036786,1,0
1271,0.3760402286797337,0,0
2118,0.10277003988270222,0,0
1853,0.9596464862354323,1,1
1430,0.3904234548692953,0,0
1378,0.34124005375289773,0,0
3999,0.38893642834387554,0,1
1903,0.9155949362025212,1,1
4944,0.639730352638836,1,0
6787,0.5558292367084695,1,1
3355,0.4459238469186052,0,1
6934,0.4819209469773032,0,1
77,0.6679233034413832,1,0
1295,0.34900789623015555,0,0
1183,0.8584209404021693,1,1
3527,0.24870253393134722,0,0
1622,0.33299760058598515,0,0
1003,0.6494735347478326,1,0
6328,0.3916618469483761,0,1
2229,0.930980605518752,1,0
5571,0.4162405974728195,0,1
6478,0.24387317814714266,0,1
4567,0.19312343623459322,0,1
884,0.4059943033254787,0,0
826,0.3545160098231858,0,0
4852,0.3052437576216081,0,0
3384,0.3414006510976322,0,1
5307,0.5358040828497709,1,1
6079,0.7864156980377013,1,1
1213,0.6607602053027021,1,1
3830,0.5283685612264106,1,0
6754,0.21973079749083854,0,0
3690,0.16752501933785222,0,0
862,0.473215238302392,0,0
5218,0.09705933556639651,0,1
2001,0.3104673347437939,0,0
2198,0.33824844837716317,0,0
1529,0.15718811056609078,0,0
3616,0.438209752239871,0,0
4862,0.1548615160098932,0,0
5638,0.6639073386935042,1,1
3500,0.9238922888209804,1,1
4967,0.5833017317766289,1,0
4446,0.2516229955779423,0,0
6766,0.4210770717345708,0,1
4053,0.75135741526506,1,0
7206,0.6822026423341357,1,1
3188,0.8855722221188644,1,1
3016,0.07945857188107097,0,0
5325,0.9341844690587419,1,0
2552,0.7820587341251104,1,1
4579,0.5930175795178648,1,0
512,0.04127205176949124,0,0
3259,0.46210835005010786,0,0
2366,0.7175187234851411,1,0
4649,0.8558202187017594,1,1
2064,0.8655545754320263,1,1
6120,0.23310943799485162,0,0
1066,0.3092755997898078,0,1
4064,0.469153315470355,0,1
2284,0.7785806319852021,1,1
6983,0.271161678923394,0,0
3258,0.746995786641886,1,1
3324,0.37347221865551056,0,0
441,0.4932760739828318,0,1
5088,0.6141405516441095,1,1
3617,0.5178417034724863,1,1
576,0.1579374617170971,0,1
5482,0.4637822510959534,0,0
1537,0.33967139543591224,0,1
2596,0.3328845750511106,0,1
5052,0.8366387324823837,1,1
1439,0.4791142075033122,0,0
4284,0.5083478946730153,1,1
1108,0.7119024341355186,1,0
4749,0.5004415069561369,1,1
2536,0.6057230913813506,1,0
7179,0.2643203467354114,0,0
7061,0.3206690896094933,0,0
4952,0.057884015469644404,0,0
5021,0.26535760731563196,0,1
3336,0.9240986777191872,1,1
3747,0.6879698963419305,1,1
1945,0.4702400889180885,0,0
5414,0.18287498797290244,0,0
1993,0.6279603490078586,1,0
3782,0.5154811920742846,1,0
3086,0.5518244080837608,1,1
2421,0.35990839881220466,0,0
5939,0.2761063499175975,0,0
3337,0.8419633292898667,1,1
2112,0.41242077445418057,0,1
6821,0.29443189170980594,0,0
5144,0.5693701228950362,1,1
5760,0.6470102746643702,1,0
3651,0.4832461503693077,0,1
4678,0.32313362458650935,0,0
1623,0.15726398184483484,0,0
2157,0.6636361237542725,1,1
49,0.4672704669815102,0,0
4845,0.1361728245356467,0,1
6788,0.32617683922998414,0,1
3115,0.4495877643536619,0,1
1685,0.37341754352476114,0,0
2433,0.23213127740684147,0,0
6667,0.7137475118610838,1,1
3006,0.71809459701625,1,1
57,0.29392171677644713,0,0
3561,0.0438197685115002,0,0
3028,0.7696663084942892,1,0
125,0.24460003257306825,0,0
2502,0.9635639855298163,1,1
6794,0.5781861321276731,1,0
759,0.5456363762796217,1,0
6483,0.06810506993715187,0,0
3770,0.10509096386107308,0,0
5004,0.608744381760067,1,1
2724,0.5238621065169891,1,1
6187,0.7973729109020729,1,1
1039,0.3128379064030585,0,1
4378,0.46745703094892743,0,1
3655,0.6414404153430103,1,1
2481,0.5789674282945559,1,0
4,0.28518073832345103,0,0
6645,0.6898725349701654,1,1
5446,0.14429669631170852,0,0
1042,0.3821268283256964,0,1
7000,0.37657072621419874,0,1
1140,0.6425152325805841,1,1
2464,0.6059763941558458,1,1
3428,0.48830744752180194,0,0
3844,0.3188465164568795,0,0
5020,0.6626071140641433,1,1
104,0.3673114444999207,0,0
2359,0.08099117269773867,0,0
3132,0.8407144955319081,1,0
19,0.5445386624064394,1,1
2049,0.6767592082210239,1,1
5286,0.5247892629645047,1,0
7113,0.4429650615601037,0,0
6651,0.652195658520127,1,0
374,0.3374187487574802,0,0
2325,0.19854160900773332,0,0
5007,0.6431728108750063,1,1
1836,0.9047483534197373,1,1
2896,0.4177035462355556,0,1
4875,0.6102098545070027,1,0
4335,0.8024238685438736,1,1
1987,0.7591523321692103,1,1
1633,0.6793430213081307,1,0
2972,0.2665726968652743,0,0
6080,0.3680590757524348,0,0
5805,0.3541950607391205,0,0
7194,0.3333229782526103,0,1
1712,0.5473737241751117,1,0
6712,0.9077873474143657,1,1
3233,0.7911243156126211,1,1
207,0.3001580776262939,0,0
1122,0.7188083086960266,1,1
425,0.8177887357303888,1,0
4735,0.4226797258042121,0,0
645,0.8112493914772994,1,1
1636,0.49776482354628016,0,1
1364,0.4628234966460917,0,0
3064,0.43294170948725114,0,0
598,0.5816535758762523,1,1
74,0.5661615007252864,1,1
5831,0.2147474682132828,0,0
3890,0.443903881030964,0,1
1144,0.4091682711963424,0,1
2460,0.597249032406642,1,1
3401,0.32889482844442697,0,0
2158,0.2798097681927385,0,0
903,0.49710345272675455,0,0
4599,0.052956546370932917,0,0
5497,0.05377357677076331,0,0
1905,0.21971970787223297,0,0
168,0.39835816711486643,0,1
3515,0.20470732145214843,0,0
3485,0.4903888614279723,0,0
3176,0.3182628296942819,0,0
4642,0.7034263448921916,1,1
1816,0.22483717527226202,0,0
1823,0.2512397926825532,0,0
613,0.7914253987393166,1,1
628,0.7453168350207131,1,1
3887,0.40031609257745127,0,0
3879,0.4605762382201146,0,1
4349,0.6649545462119497,1,0
3751,0.6482473683909826,1,1
1238,0.6553202409383667,1,0
1139,0.742550048434465,1,1
3464,0.7967014789383479,1,1
5109,0.3974014523024215,0,0
6655,0.6673430268009084,1,1
6126,0.25173791071696994,0,1
4996,0.663799084607439,1,1
4800,0.3647516907108676,0,1
6051,0.4377883630857231,0,0
6908,0.2813006604093255,0,0
1280,0.08757710624777844,0,0
4463,0.70837125259904,1,1
4572,0.3601623264573915,0,0
2540,0.2838066791854777,0,0
1595,0.82546330324468,1,1
82,0.8379370026701112,1,1
3599,0.2397003205481871,0,0
3328,0.5689696526998469,1,1
211,0.813103298742508,1,0
2566,0.5663384047039747,1,1
4199,0.7596821413982239,1,0
4316,0.7479367185569658,1,1
3224,0.4417723334525601,0,1
2230,0.30128500554014853,0,1
1205,0.6130222801240124,1,1
3276,0.1520300778904531,0,0
451,0.46594994341801704,0,1
6033,0.9478031215290443,1,1
2693,0.6189402100611641,1,0
7209,0.5096954851389259,1,0
5296,0.04763018669665978,0,0
2539,0.7207985549999065,1,0
5229,0.9570221030505224,1,1
6530,0.31577078960324817,0,0
4796,0.5025173366148371,1,1
5593,0.8638950349974949,1,1
4692,0.44278608885237164,0,0
555,0.5200543461969763,1,1
219,0.1298291748048559,0,1
1720,0.11531904897090589,0,0
5726,0.6341620274670389,1,0
1096,0.4181287054359193,0,0
2252,0.5855270801611099,1,1
2409,0.06258908826602011,0,0
1532,0.770956321650065,1,1
1746,0.6639407687666187,1,0
2442,0.12994630630895926,0,0
3664,0.518057901081201,1,0
6898,0.05610627918055668,0,0
3207,0.18417100963795033,0,0
1806,0.4883481804455565,0,0
6724,0.2858037547888669,0,0
1293,0.2689740480966323,0,0
3348,0.39830992017603145,0,0
366,0.4449069309769619,0,0
897,0.5873254338486169,1,1
6306,0.3689501420850514,0,1
6552,0.9263738775506472,1,1
6507,0.32148109822759396,0,0
1534,0.23117317955944497,0,0
2641,0.2449456280116579,0,0
4225,0.7511524327814875,1,1
4501,0.1428477511512097,0,0
6661,0.604534763667205,1,0
852,0.6783734274163599,1,1
3534,0.7012842921822809,1,1
2955,0.5203902084278392,1,1
3419,0.8900233904201663,1,1
3795,0.31989138131674727,0,0
2506,0.8559557484198809,1,1
2835,0.44339719368978675,0,1
4527,0.6439655171891581,1,1
226,0.8835004390322316,1,1
2964,0.5438929997567068,1,1
1625,0.5137169888330203,1,0
2285,0.07734634381039643,0,0
4000,0.36486568085749504,0,0
1745,0.2325621102830394,0,0
5685,0.6810349254489743,1,1
3277,0.807103756124347,1,1
7092,0.8879514051345215,1,1
6477,0.7703979996012982,1,1
5794,0.17188806497755502,0,0
4343,0.38301767755395427,0,0
1057,0.6729941996643338,1,1
7112,0.07758576020645017,0,0
3962,0.2370921532486448,0,0
2262,0.3803668677313018,0,0
5845,0.24853916786916405,0,0
1611,0.4524556818492671,0,0
5346,0.11258147933139324,0,0
7177,0.2406439669761799,0,0
5101,0.6124940862034494,1,1
5560,0.5341045399970114,1,1
5631,0.275104938331566,0,0
6683,0.7518095314612385,1,0
5393,0.4199611719420335,0,1
624,0.2071136510253001,0,0
2548,0.25402786128343957,0,1
5997,0.27114248683296543,0,1
6871,0.5873699266053992,1,1
6077,0.5056654823917337,1,0
2264,0.7203409084070741,1,1
4755,0.5441236314706173,1,1
562,0.28037483456539825,0,0
7036,0.3799370889103036,0,0
6677,0.1038936178703351,0,0
5906,0.34133620378078877,0,0
98,0.18767989476027977,0,0
6409,0.6144868999340432,1,1
2101,0.2767177328136228,0,0
3049,0.5135063300897532,1,0
5956,0.27441486263788145,0,0
2474,0.16761049445427179,0,0
5911,0.7398117953923191,1,0
6460,0.7378581771067837,1,1
874,0.9113812649829778,1,0
6248,0.7711645281778804,1,0
638,0.1419907291504288,0,1
4665,0.5576176775376448,1,0
1757,0.17290737690646305,0,0
2454,0.07483646389349044,0,0
3968,0.6056068997244207,1,0
6589,0.629243086097,1,1
6736,0.46488810319843915,0,1
5580,0.904868901800695,1,1
3757,0.1957981061833054,0,0
6139,0.7273345152623287,1,1
5015,0.9346294687059399,1,0
6092,0.37659563706502125,0,0
7043,0.40433480657173243,0,1
454,0.9088602500572964,1,1
446,0.24801527538052837,0,0
513,0.5289924237028244,1,0
4791,0.2224011764205738,0,1
6418,0.7686057434813814,1,1
3191,0.3625645646325225,0,0
7051,0.7879104645243921,1,1
3091,0.4757160439612215,0,0
1100,0.45356568029636574,0,0
1891,0.8600349027500468,1,1
2343,0.2721034044849962,0,1
7031,0.4069460195203713,0,0
6936,0.5251170219123125,1,0
679,0.7595116242010999,1,1
840,0.3246888211637989,0,1
3878,0.39087055275814836,0,1
3393,0.47715465318298406,0,0
6432,0.7960569066379996,1,0
1733,0.8923311839819598,1,1
6704,0.9843513104718118,1,1
2022,0.29049679916993465,0,0
6599,0.4098149391693171,0,0
582,0.34175152950454546,0,0
3138,0.38055294413989504,0,0
6926,0.41528696126958187,0,0
1852,0.45765036594680847,0,0
247,0.9572305793091682,1,1
4803,0.4514248829296536,0,1
5006,0.45782646467763055,0,1
2941,0.4005373804813411,0,0
3579,0.9032017406468611,1,1
3173,0.6802697831235571,1,1
2028,0.3254851311151047,0,0
3380,0.7598381239602603,1,0
3212,0.2894448654419939,0,0
7205,0.8092897376972067,1,1
1966,0.3783199550100101,0,0
1647,0.9225179964073408,1,0
3736,0.43993631725846244,0,1
2589,0.266458221885528,0,0
1468,0.5806923571004876,1,0
6156,0.552285369869272,1,0
1845,0.3486042745073533,0,1
2459,0.14103321331694524,0,0
789,0.1662148702098683,0,0
4946,0.29750114700762076,0,1
2722,0.5670698497340334,1,1
3563,0.7838035054168107,1,0
3974,0.815290152411558,1,0
5054,0.29423531190510194,0,0
4994,0.05395169482919683,0,0
2549,0.2591275914377157,0,0
3731,0.4068478762797368,0,1
3055,0.349106681385139,0,0
5691,0.31846440143776816,0,0
1736,0.5779743315857889,1,0
3375,0.72344263985972,1,0
409,0.3011357689001772,0,0
4707,0.4895056653869314,0,1
3595,0.6097902336100994,1,0
3947,0.9195348988634373,1,1
5785,0.30083308493168864,0,0
5541,0.33293366977136163,0,0
6813,0.5933229551644799,1,1
4695,0.6377147076740689,1,0
6784,0.32448106528843185,0,0
972,0.12548009646447703,0,0
2258,0.7482868619071709,1,1
3274,0.29259080286239675,0,0
432,0.5119926500698491,1,0
6002,0.09057728039483817,0,0
2587,0.11480033876273024,0,0
4868,0.45237545887096453,0,0
282,0.4218952993494456,0,0
986,0.8058199878408726,1,1
6431,0.6517516668367919,1,1
1910,0.831721635229159,1,1
4455,0.5893879556776825,1,0
1218,0.31980903291790497,0,0
221,0.4270100833064315,0,1
1084,0.6052707892987907,1,0
868,0.8952768091315492,1,1
2948,0.7620843326619507,1,1
6581,0.9845875164943788,1,1
3912,0.5963920658170364,1,1
6700,0.4726572550989243,0,0
4724,0.8736220792818167,1,1
5416,0.241781974925177,0,0
848,0.25484748533974855,0,1
4883,0.6928308549024389,1,0
6297,0.20276967118343453,0,1
4369,0.345464849626205,0,0
890,0.5391712896112214,1,0
2069,0.5130771575298432,1,1
2501,0.34844401332350583,0,1
5156,0.22443786625560497,0,1
6805,0.14659038129117408,0,0
4003,0.7109217734098432,1,0
291,0.3139949303007855,0,0
6690,0.3384417909132995,0,0
5486,0.42956097517234615,0,1
4997,0.20587136542474435,0,0
5875,0.3564530040834127,0,0
6056,0.5493978948269307,1,1
765,0.2411820303150781,0,0
7085,0.8203956441652058,1,1
6793,0.17281375183689207,0,0
4212,0.20481744747583547,0,0
5556,0.6040834762732455,1,0
5068,0.49345729439852315,0,0
148,0.778836278911239,1,1
2219,0.4423900317989656,0,1
5055,0.9608172520021396,1,1
152,0.6414042041427503,1,1
4280,0.4918730989400506,0,1
4817,0.3662762253798048,0,1
3494,0.624274432258334,1,0
