,two_year_recid
5355,1
3592,0
29,1
2414,1
5619,1
1381,1
6497,1
5386,0
4712,1
812,0
850,1
5627,1
6071,1
4133,0
1312,0
5300,0
5486,1
5880,0
2691,1
4326,1
124,1
906,1
1902,1
5901,0
2952,0
2941,0
5155,0
5668,0
3815,0
961,0
5857,1
5590,1
2282,1
5784,0
3092,1
4994,0
5475,1
3174,0
2901,0
4206,0
7184,1
6597,0
1621,1
2474,1
2764,0
242,0
5617,0
341,0
2277,1
6318,1
1162,1
5445,1
4177,0
4175,1
1015,1
587,0
725,0
1887,1
1268,0
3455,0
3086,1
222,0
4260,0
832,1
2433,0
1532,0
1439,1
927,1
4745,0
2670,0
6315,1
5618,1
1203,0
2482,0
4593,0
6855,0
5629,0
6772,1
3731,1
3680,1
6715,0
2845,1
4254,1
5873,1
4081,0
6170,0
830,1
3373,0
3065,0
3390,0
5749,0
1088,0
4610,1
724,1
5024,1
7059,1
5509,1
4886,1
6531,1
4962,1
2315,1
1688,1
6306,0
4073,1
4339,0
4863,1
1806,0
208,0
2135,1
964,0
1182,0
6122,0
4195,0
5050,1
1165,0
4885,0
6191,1
6553,1
6376,1
3587,0
646,1
4721,0
1483,1
2761,1
2535,1
3479,0
1796,0
182,1
3940,0
6180,0
1773,0
7002,1
3267,1
1185,0
5221,1
2787,1
2348,0
4075,1
6109,0
3888,0
3476,1
4123,1
411,0
3895,0
530,1
174,1
1752,0
5778,0
6340,0
7086,1
5594,0
6509,0
4290,1
3553,0
1771,1
501,0
1901,1
1732,0
4618,1
6200,0
3536,1
3687,0
6505,1
2566,0
2174,0
4594,1
6708,0
1576,0
6759,1
4642,0
3506,0
3269,1
4346,1
2410,1
2499,0
2355,1
1738,0
2457,1
4951,0
4510,0
6136,1
350,0
4763,0
6729,1
1825,1
1395,1
6226,0
2830,0
4304,1
68,0
3921,0
59,0
6110,1
6998,1
4791,1
5634,1
575,1
1499,0
5122,1
6330,0
1397,1
4369,0
1853,1
3869,0
5319,1
6216,0
6018,1
3467,1
1883,0
3497,0
4891,0
4793,1
3470,0
1518,1
526,1
2167,1
1003,1
601,0
424,0
5149,0
4223,1
1108,1
2089,1
2333,1
62,1
2025,1
5484,0
2027,0
5843,0
4401,1
2990,0
4044,0
2737,0
3979,1
888,1
2386,1
584,0
2129,1
3785,1
3246,0
4773,1
7130,0
1161,1
5165,0
1508,1
4881,1
5170,1
6294,0
7081,0
3978,1
2884,0
27,1
6631,1
1778,0
4543,1
1626,0
89,1
5847,0
1415,1
2798,0
2624,0
2305,1
4949,0
1671,0
4875,0
376,0
6572,0
3734,1
1191,0
5304,0
6495,1
7029,0
2710,0
4235,0
3349,1
1403,1
3380,0
4626,1
361,1
5407,0
2401,1
304,0
1921,1
3788,1
1754,1
1411,0
1859,1
3780,1
7134,0
5955,0
1118,0
316,1
3829,1
2136,0
172,0
873,0
6092,1
2620,0
2100,0
2469,1
772,1
7105,1
2318,0
2362,1
1158,0
6261,0
2450,0
6023,0
457,1
1444,1
4521,1
532,0
2391,0
4967,1
5480,0
3523,0
1697,0
2921,1
348,0
6267,1
1507,1
3841,1
2862,0
613,1
5638,0
1152,0
2607,1
5044,0
5984,1
2976,0
7181,0
931,0
6363,1
6445,0
5313,1
4119,1
5562,0
6668,0
472,0
2595,0
912,1
1512,0
6124,0
1138,0
2626,1
5491,1
1552,0
3,0
2656,0
6123,1
1143,1
6320,0
5855,1
2965,0
1969,1
4990,0
4045,1
3295,1
5045,0
46,1
4038,0
2820,1
1985,1
619,1
3162,0
4370,1
6594,1
1277,0
5363,1
5685,1
6394,1
7070,0
4726,0
5092,1
5902,1
4753,1
5951,1
5152,1
342,0
2601,1
4713,1
129,0
5017,1
1343,0
2809,1
678,0
6884,0
2955,1
5715,1
3211,0
6064,0
1214,0
5435,0
2334,1
5248,0
618,0
1774,1
6666,0
5704,0
484,1
4135,0
257,1
1087,1
5874,0
4930,1
1558,0
372,1
1236,1
268,0
4811,0
5000,0
2274,1
6749,0
3705,1
4470,1
2316,0
5598,1
1753,1
2725,0
4850,1
4812,0
4014,0
1401,0
2281,0
1915,1
5405,1
4261,1
989,0
6311,0
6857,0
39,0
2019,0
5367,0
3458,1
1489,1
2925,0
553,0
3704,1
4314,1
831,1
6723,0
702,0
1263,0
2283,1
3695,1
3449,0
4204,0
2395,1
5694,0
535,1
3056,0
3208,1
2563,0
3803,1
231,0
3935,1
629,1
681,1
5841,1
7160,1
3137,1
6737,1
2097,1
2723,0
5733,0
273,0
690,1
6827,0
4171,1
3404,1
1241,0
7009,1
1936,0
3945,1
2730,1
6971,1
6418,0
6084,0
6696,0
2388,0
1056,0
7021,0
4400,1
3085,0
4500,0
4233,0
5567,0
6167,1
1525,0
477,0
5404,0
4671,0
6471,0
6244,1
5474,1
809,0
1467,0
1541,0
5826,1
3491,0
3547,1
6869,1
6458,0
3272,1
3538,1
4115,0
3609,0
4698,0
181,1
4961,1
5846,0
1144,0
3252,1
1600,0
6804,0
5573,0
4225,0
3350,1
5290,1
1747,0
6095,0
671,1
1424,1
1755,0
6876,0
3377,0
5514,1
171,0
563,0
1574,1
3344,1
4295,0
4273,1
706,0
4714,0
6606,1
6116,0
1455,1
384,0
6622,0
6790,1
5129,0
4943,0
1276,1
5905,0
4193,0
4840,1
2235,1
6885,0
309,1
2561,1
2065,1
4408,1
6559,1
1638,1
2295,0
3189,1
109,1
5201,0
6210,0
726,1
4277,1
2909,1
5249,0
4708,0
6809,1
2160,0
4991,0
2432,0
3887,0
5828,0
2387,1
2242,0
5215,0
4076,0
5233,1
3188,0
665,0
3113,0
4230,1
4820,1
6444,1
3951,0
4180,0
4402,1
3850,0
1975,0
4386,0
6520,1
599,0
6826,0
577,0
1801,1
3885,0
1559,1
4767,1
5589,1
3996,1
1910,0
4282,0
6947,1
663,0
3351,1
3306,0
909,0
3148,0
4695,0
2870,0
6562,0
4946,1
1028,0
5518,1
3331,1
6199,0
5472,0
746,0
3339,1
70,1
6407,1
518,1
7095,0
2978,1
4592,1
2276,0
2343,1
5898,0
4660,1
3154,0
491,0
4399,0
3441,1
5833,1
4143,1
3712,0
2037,1
7048,1
489,1
5525,1
541,1
1545,1
4167,1
714,0
612,1
6356,1
5748,1
326,1
5471,1
6647,0
2195,1
5687,1
4950,0
789,0
1000,1
2766,0
4917,0
2147,1
6333,1
1805,1
2489,0
6466,0
464,1
2325,1
6645,0
1595,0
4006,0
6388,0
4759,1
2113,1
1402,0
1645,1
5913,1
5457,0
1437,1
658,0
2286,0
4968,1
860,0
7126,0
778,1
4222,1
1142,0
2960,0
3462,1
6853,0
2145,0
5390,0
180,0
3109,0
5211,0
5176,1
5924,1
2865,1
1707,0
1612,1
5592,1
390,1
170,0
7097,0
6953,1
6659,0
5436,0
5633,0
4292,1
1586,0
1248,0
6946,1
6027,0
1253,1
3430,0
2749,1
4046,0
2481,1
5718,0
6912,0
2812,1
3313,1
3599,0
3475,1
6183,1
4559,0
5699,0
1848,1
1524,1
1799,1
4186,1
1935,0
2068,1
6050,0
3758,0
6263,0
990,1
6237,0
3259,1
1609,1
5802,0
5483,0
2096,0
5652,0
3724,0
4955,1
917,0
3335,0
1204,0
7034,1
2964,0
1757,0
292,1
813,1
467,0
4291,0
6596,0
3706,1
6144,1
2176,1
5406,0
3927,0
2599,0
6260,0
5065,0
4829,0
413,0
5229,0
192,1
3301,1
4621,0
3664,1
2977,0
561,1
1724,0
4221,1
5577,0
3689,1
1608,0
5320,0
768,0
5981,1
2150,1
4047,0
5822,1
4017,0
6120,0
5899,0
4395,0
5369,0
3227,1
4306,0
4324,1
1613,0
2446,0
6605,0
5452,0
743,0
2227,0
6004,0
1289,0
3493,0
5138,1
1446,0
6692,0
1394,0
4821,1
4492,1
1838,1
1891,0
4452,1
2908,1
2638,0
1305,1
3440,1
3549,1
3686,0
1633,1
2567,1
4807,0
499,0
5939,1
5640,1
2840,1
5690,0
6667,0
2531,0
1133,0
4228,1
1566,1
3805,0
264,0
862,1
7023,0
400,0
6903,0
3983,1
7047,1
4456,1
633,0
6565,1
1878,1
310,0
3291,1
4857,0
5078,0
2361,1
5312,0
3104,1
3782,0
2077,1
4727,1
3708,0
6739,0
2632,0
5451,0
4490,1
3882,0
277,0
1209,1
926,1
1085,1
5576,0
4739,0
5059,0
6224,0
5336,0
4630,1
6268,1
5310,1
6567,0
3531,1
2291,1
4464,1
497,1
5607,1
2647,0
3896,1
2616,0
1027,0
4846,1
4062,1
2587,1
2839,0
3698,1
6803,0
2072,1
5011,0
5564,0
6589,0
3103,0
1672,0
4156,1
2389,0
2148,0
4347,0
0,0
4851,0
2883,1
3249,0
5801,1
3083,0
572,0
5550,1
462,0
2516,0
4077,0
5869,0
3877,1
1876,0
1159,0
7062,1
6612,1
290,1
1978,1
6654,0
3090,0
2780,1
641,1
3270,0
801,0
3532,0
5295,0
1699,1
6478,0
6275,0
2915,1
4436,0
3645,1
6792,0
764,0
3009,1
5255,1
2483,0
3207,0
6530,0
853,0
4268,0
4042,1
4000,0
3946,0
5383,1
4188,0
5983,0
6514,0
6688,1
856,1
2317,0
2358,0
2243,1
4938,0
2198,1
5487,1
657,1
1951,0
5447,1
3014,0
2203,1
3255,1
4163,0
5131,0
6173,1
1106,1
570,0
2673,0
1029,1
4285,0
5052,1
3943,0
445,0
6413,1
362,1
2488,0
5497,1
6924,1
2354,1
1787,0
5,0
3031,0
1620,1
1657,1
732,0
3578,1
5032,0
5449,1
4841,1
5328,0
3027,1
4928,1
5915,1
3298,1
6371,1
6345,0
4944,0
3643,0
5316,1
4387,0
5900,0
554,1
6068,1
145,1
6796,1
1262,0
3171,1
4341,1
4024,0
4274,0
978,0
4742,1
6602,0
4421,0
1720,1
417,1
2104,1
4375,0
5217,1
3434,1
6617,1
5506,1
5167,1
6846,0
4903,0
3994,0
6067,0
3046,1
3950,0
2418,0
1140,0
5243,1
2124,0
5606,0
2130,1
2257,1
3811,0
6118,0
4070,0
4935,1
6350,1
2604,1
6899,0
271,0
5505,0
5143,0
1377,0
4130,0
419,0
1345,0
2772,1
425,1
286,1
6858,1
5933,1
3347,0
2929,1
2459,1
3907,0
2045,1
2728,1
4529,0
6839,1
5433,0
4462,1
3190,0
7001,0
5117,1
5572,0
4495,0
4963,0
2970,0
5540,1
6055,0
3321,0
3112,0
2193,0
2639,0
6892,0
3157,0
6862,1
1729,1
4355,0
808,0
3023,1
6138,1
1077,1
3362,1
5517,0
2890,0
4276,1
5184,0
375,0
5385,0
788,1
1704,0
4025,1
116,1
1603,0
4423,0
4457,1
755,1
3289,0
1781,1
1062,0
2783,0
5583,1
3220,1
5705,0
3870,0
6709,0
6650,0
5085,1
5346,0
1709,1
2056,0
3883,0
5524,0
5051,1
5016,0
1361,1
581,1
324,0
55,1
5235,1
1353,1
3388,0
2245,0
1193,0
6875,0
2111,1
436,0
2336,0
6733,1
1041,0
1083,0
1765,0
6893,1
1368,0
2824,1
7026,0
5031,0
3486,1
1514,0
6463,1
6745,0
4958,1
715,1
5448,1
3744,0
6805,0
4907,0
6117,1
4087,1
1382,1
4531,0
2196,1
3551,1
5658,1
3446,1
5932,1
2298,0
6691,1
5135,1
6665,0
1989,0
453,1
1116,0
5890,0
1230,0
4536,0
2552,0
1666,1
1966,1
3692,0
3893,0
5947,0
2244,1
4515,1
3884,0
3576,0
3760,0
6232,0
4774,0
721,0
4125,1
4901,0
3307,0
846,1
5263,0
4407,0
775,0
60,1
1674,1
3791,1
806,0
4551,0
5393,1
1646,1
1466,1
3971,1
3424,0
6041,0
4517,0
925,1
5741,1
760,1
4972,0
395,1
91,1
6351,1
5950,0
6811,1
6429,1
5507,0
3073,1
1582,1
6278,0
6366,1
4101,0
3110,0
7104,1
5862,1
1881,0
4627,0
1863,1
6243,0
1065,0
615,0
4533,1
4229,0
3503,0
4376,0
1405,0
1631,0
3037,0
5599,0
2745,1
5296,1
2017,0
2303,1
4754,0
4394,0
4020,0
6336,1
4637,1
4061,0
5792,0
4157,1
2774,0
1352,1
1973,0
203,1
814,0
6539,1
4489,1
2175,1
3256,0
965,1
6989,0
2916,0
2817,0
6636,1
3910,0
1059,0
565,0
654,0
2383,1
359,0
4431,0
1488,1
2306,1
179,0
2110,0
5867,1
4546,0
5364,0
4419,0
1068,0
6628,1
6219,1
936,0
323,0
592,0
5101,1
354,0
2651,0
2902,0
938,1
2365,0
5921,1
5202,1
3164,1
3636,0
2158,0
5561,1
6231,0
3019,0
5949,0
5860,1
5425,1
2547,1
1618,0
1791,1
882,0
4622,0
1309,0
5114,0
6981,1
3279,1
4350,0
1756,1
3443,1
2882,0
2857,1
4697,0
803,1
5381,0
4257,0
2841,0
6016,1
3700,0
576,1
3539,1
3414,1
1551,0
972,0
330,0
7013,1
1301,1
6685,0
2842,0
2886,0
5584,1
4321,0
5936,0
3332,1
5238,1
3020,1
749,1
3354,1
4701,1
6843,0
2756,0
6590,1
2210,0
1055,0
4094,1
1385,0
4132,0
3378,0
3169,0
6090,1
2073,1
5987,1
5473,0
5812,1
1240,0
5365,0
6284,0
4110,0
4445,0
392,0
4692,0
675,1
1186,0
6655,1
196,0
2338,1
3127,1
6186,0
538,1
6545,1
1319,0
5697,0
1436,1
3860,0
1585,0
6999,1
4661,1
1530,1
3729,0
4665,0
1826,0
6319,1
1870,0
5805,1
6179,1
7040,0
134,1
4364,1
1569,0
4922,0
5785,1
1408,0
485,0
4503,1
4317,0
1593,1
1522,0
951,1
6800,0
2592,0
1228,0
818,1
4146,1
6006,0
2222,1
3525,0
6652,1
5070,1
3906,1
652,1
920,0
4418,0
2335,0
4789,1
988,1
1430,1
960,0
3124,1
6125,0
3119,1
4499,1
6983,1
1840,0
2536,0
258,1
3579,0
1682,1
4032,1
6887,1
3588,1
5849,0
2844,0
1271,0
6182,0
274,1
3630,1
4192,0
689,0
7064,1
2770,0
118,0
3857,0
5546,1
745,0
144,1
1701,0
2630,0
5719,0
6484,0
2828,0
5219,1
3133,0
4819,1
6035,0
6568,0
4995,1
1703,0
2846,1
4572,1
4345,0
3209,1
6377,0
6819,0
1443,0
4468,1
5267,1
1244,1
6618,0
3769,0
6106,0
2079,0
3999,1
3671,0
3480,0
3917,0
5595,1
5112,0
3703,0
1440,1
2659,1
628,0
3129,0
4309,0
3326,1
3210,0
890,1
4368,0
3152,0
6609,1
2949,0
5593,0
5799,0
2404,0
5177,0
6833,1
4444,0
6549,0
1831,0
6859,0
6901,1
1416,1
7011,1
4294,1
368,0
253,1
5912,0
968,1
6985,1
5574,0
6961,1
1183,1
2778,0
4019,0
5004,1
777,1
1257,0
10,0
3397,0
3195,0
1821,0
4984,0
662,0
7061,1
3801,1
3160,0
2008,0
3412,1
5825,1
3995,1
2187,1
1553,1
4520,1
1565,0
4162,1
1360,0
630,0
3789,0
4207,1
5093,1
1314,0
2797,0
3922,1
6230,1
4565,1
6965,0
695,0
5148,1
5468,1
7098,0
4729,0
1347,0
3559,1
4718,0
5339,1
2675,1
5840,0
5175,0
7019,0
1426,1
5896,1
482,0
1903,0
525,0
6202,1
5664,1
333,0
4796,1
2011,0
5613,0
388,1
883,1
349,1
421,1
83,1
614,0
1819,1
3278,1
1828,0
2786,1
1854,1
5714,0
7090,1
3878,1
4683,1
4122,1
5934,0
65,1
1556,1
4790,1
4310,1
3634,0
3688,1
5492,0
1114,0
1540,0
780,0
2738,1
2070,1
7079,1
1864,0
1597,0
5853,1
1871,1
4859,0
3631,1
6536,1
218,0
2577,0
1890,0
2239,1
5752,1
2895,0
389,0
4103,0
5501,0
6065,1
4205,1
6287,0
3340,1
496,1
3723,0
1916,0
2553,1
2411,1
7169,0
4481,0
4112,1
3748,0
560,0
1953,1
5973,0
7092,1
6512,1
5651,1
1581,0
302,0
4810,0
1450,1
269,0
1889,1
6766,0
3619,1
5824,0
2649,1
4700,1
6907,1
5179,1
6197,0
1371,0
4557,1
6089,1
2390,0
1635,0
1761,0
1272,0
3214,0
3570,0
1409,1
735,0
758,0
3977,0
747,0
5416,1
1563,0
683,0
1905,0
4453,1
523,0
6816,0
2800,1
5925,0
4591,0
5960,0
4764,1
1239,1
3964,0
4663,0
1647,0
4828,0
5414,0
6081,1
6870,0
1980,0
6532,0
4656,0
4604,1
7125,0
6353,0
3975,0
140,1
3568,1
2525,0
3969,0
423,1
5816,1
111,0
3369,1
534,0
5034,1
1354,1
2384,0
5493,0
1962,0
639,1
741,1
85,1
5357,1
3608,1
4655,0
687,0
3047,0
4242,1
5099,1
5918,1
1841,0
5979,1
2885,0
2180,1
1594,1
531,0
1006,1
2782,0
3277,0
6010,0
4497,0
1495,1
2467,0
7006,0
1038,0
5547,0
6679,0
1414,0
1420,1
4848,0
3184,0
6339,0
4506,0
6943,1
3311,0
4224,1
6499,0
910,1
190,1
4332,1
7164,0
5309,1
6158,0
6097,1
5842,1
6206,0
4842,1
6963,1
6585,1
2528,0
1573,0
6045,0
252,0
6825,0
2612,1
1060,0
1470,0
1306,1
5437,0
1215,0
5582,0
3914,0
5360,1
898,1
5023,0
3846,0
2849,1
5722,1
2075,0
5227,0
4160,0
1547,0
1680,1
6021,0
582,1
5863,0
2966,0
2771,1
4548,1
6056,0
797,0
6546,1
4181,1
6765,1
6868,0
2249,0
4080,0
4247,1
435,0
54,0
3681,1
887,0
4847,0
3658,0
3293,1
3000,0
2867,1
3904,0
1768,0
2913,0
5232,0
2603,1
2642,1
4605,1
4569,0
4427,0
1762,0
313,1
1101,0
4089,1
5213,0
311,0
3716,0
2118,0
3842,0
4128,1
3629,0
3620,1
4058,1
1323,1
4998,1
1917,1
5347,1
5252,1
2206,0
6697,0
4720,0
4889,0
490,1
3447,0
1692,0
1256,0
232,1
4360,1
3417,1
6948,0
2514,1
5734,1
1429,0
5496,0
51,0
4780,0
4055,0
6227,1
212,0
1722,0
6871,0
5692,0
3897,1
6994,0
3533,1
4148,1
7087,1
995,0
500,1
2471,0
1723,1
928,0
881,1
3696,0
739,0
6091,1
1131,0
1604,0
3913,0
2368,1
2266,0
1777,1
6196,1
1072,0
4428,1
6732,0
5041,1
4738,1
1097,1
175,1
4952,0
2146,0
6129,0
5569,1
6327,1
5057,0
7151,0
3088,1
696,0
6695,0
3484,1
4625,0
4921,1
3997,0
4629,1
5321,1
904,0
3012,1
6455,1
6640,1
4007,0
255,1
259,0
514,0
1502,0
297,1
2161,0
1728,1
3598,0
3607,1
2116,1
133,0
1123,0
528,1
6107,0
2007,0
4942,0
6291,1
4474,1
4041,1
2751,0
3516,1
6430,0
4669,1
4585,1
1886,1
5964,0
96,0
3034,0
4507,1
4064,0
811,0
4217,0
3290,0
2424,0
2557,0
7085,0
2914,0
3060,0
6256,1
4648,1
3934,1
3713,0
1187,0
923,0
6039,0
902,0
1543,1
3149,0
3235,0
11,1
6465,0
2434,0
1861,0
1012,1
7045,0
6361,0
4398,0
3138,0
2697,0
1010,0
7145,1
3310,1
7157,0
2678,1
2872,1
875,1
6583,0
7025,1
757,1
799,1
2614,1
6249,0
4409,0
6044,0
3303,0
2979,1
4085,1
4537,1
4447,1
4691,1
474,0
5772,0
4325,1
1933,0
4252,1
6415,0
6087,0
2666,0
3558,1
3468,1
317,0
5541,1
2215,1
4744,0
1967,0
2988,0
2946,0
4641,1
2641,0
282,0
6372,0
1246,1
4672,0
2686,1
4107,1
1550,1
6323,0
6384,0
4816,0
1516,0
5712,1
4788,0
1399,0
1793,1
1663,0
6864,0
3807,0
200,0
50,1
3974,1
2573,0
5750,0
2767,1
4760,1
6970,0
5908,1
1326,1
3017,1
2835,1
5348,1
5335,0
3366,1
5566,1
2381,1
7016,0
3661,1
1293,0
1128,0
2864,0
4832,1
4475,1
155,1
6707,0
996,0
7146,1
4668,1
6402,1
2331,0
787,1
4382,0
5698,1
1929,1
5247,1
5197,0
3021,0
6821,0
2267,0
1181,0
2518,1
6865,1
5738,0
254,1
6990,0
1656,1
2661,0
2692,1
4198,1
1447,0
991,0
4203,1
3912,1
6554,1
383,1
2657,1
2715,1
3597,0
3812,1
4432,0
6581,1
7035,0
6156,0
78,1
3145,0
3007,1
4608,0
5212,1
5499,0
4799,1
4837,0
3391,1
4415,0
6142,1
6938,1
4363,1
1252,1
1677,1
1380,1
4279,0
3024,1
1287,1
2665,0
405,0
736,1
3573,0
977,0
4924,1
6414,0
622,1
4458,0
201,1
3615,1
5639,1
6274,1
6799,1
2248,1
1223,1
1689,0
6273,0
2371,1
6614,1
6269,0
3459,0
1880,1
731,1
3200,0
7049,1
516,1
4078,0
146,1
5800,1
86,1
5344,0
1845,0
6453,0
4459,1
1464,0
2722,0
7054,1
4414,0
1925,1
296,1
2502,0
4649,1
5370,0
7080,1
3826,1
5999,1
3094,0
6835,0
2038,0
5371,0
2999,1
3840,1
3428,0
6638,1
5279,0
1894,1
2663,0
6523,0
1392,1
3232,1
1555,0
5107,1
5958,0
3360,0
867,0
3949,1
4513,1
5277,1
6404,0
6488,0
414,0
1505,0
686,1
3792,0
1567,0
2954,0
2818,0
1025,0
3478,0
3956,1
1081,1
2733,0
2582,0
1364,0
466,1
369,1
2422,1
3537,1
5700,0
7037,1
1238,1
6069,0
7096,1
1789,0
5259,0
4476,0
4587,0
6681,0
5074,1
247,0
3546,1
6195,0
3849,0
6163,0
5942,0
3281,0
6454,1
3205,1
1988,1
3957,1
1837,0
6744,0
213,0
1735,1
4776,1
4150,0
6529,0
3191,0
6059,0
2208,1
1308,0
1149,0
4480,0
2684,1
5922,0
4802,1
4765,0
3554,1
6293,0
1893,1
4582,0
632,1
5384,0
5337,1
5322,0
4342,1
2340,1
5272,0
1691,1
712,0
4550,0
3802,0
5969,1
1463,1
556,0
4743,0
4308,0
5303,0
1093,0
2204,0
3745,1
2320,1
2695,0
3718,0
6540,1
6215,0
2451,1
2028,0
465,1
6391,0
2753,1
370,1
5559,0
544,0
5145,0
4138,1
1422,1
3955,1
5856,0
4579,1
6211,1
4433,0
364,0
2694,0
4287,0
4212,1
7167,0
6515,0
2995,0
716,0
1511,1
3621,0
3867,0
2758,1
3709,0
2032,0
2696,0
6393,0
969,0
937,1
1898,1
6778,0
5872,1
6439,1
229,1
4189,0
522,1
6982,0
2554,0
1046,0
5301,0
4099,0
5720,0
1549,1
1788,1
3115,0
5655,0
3577,0
1815,0
4702,0
198,0
7166,1
3482,1
3001,1
4139,1
2605,1
1278,1
759,0
529,1
1546,1
4136,1
2261,0
4929,0
5434,1
5283,1
79,1
6266,1
1625,1
540,1
4974,0
4354,0
230,0
1491,0
2397,0
866,1
127,0
1460,0
7182,0
459,1
5088,1
6347,1
1537,0
1300,0
3121,1
6656,0
6042,1
3611,0
7178,1
2262,1
1039,1
234,0
6,1
5808,1
1496,1
3408,1
1153,0
4451,0
2911,1
1235,1
4348,1
4711,1
3639,1
6370,1
6337,0
4137,0
1833,0
4970,0
6297,1
1759,0
1355,0
7038,1
5455,0
6009,1
1400,1
4880,1
5893,1
3942,1
6906,1
4809,1
2773,0
1042,1
5261,1
2512,0
1431,0
5885,0
1884,1
503,0
5317,0
5429,0
1509,1
5494,1
6390,1
934,1
498,1
6680,0
135,1
2574,1
6487,1
1243,1
3793,1
5625,0
5118,0
4209,1
5966,0
1775,0
6348,0
4318,0
1937,1
4619,0
1259,0
2571,0
2551,1
4271,1
2440,0
3777,0
102,1
915,0
3889,0
4806,0
1349,0
6771,1
4286,1
52,1
2085,0
6934,1
5539,1
3637,1
5667,0
4199,0
1199,1
4957,0
7149,0
5025,1
3071,1
1733,0
3393,0
4818,0
3436,1
6984,0
4749,0
4867,0
5410,1
5991,0
5159,0
6905,0
5042,1
2923,1
6194,0
3059,0
838,0
6209,0
2698,1
2255,1
6714,1
5746,0
1790,1
5019,0
5349,1
2002,0
4912,1
1718,1
3605,0
5102,1
3545,1
5626,1
2585,0
5395,0
2321,1
751,1
2850,1
5758,0
4066,1
2312,1
682,0
2532,0
3125,0
3678,0
3650,1
6699,1
5084,1
7069,1
6369,1
126,1
2617,0
1602,0
5596,1
3396,1
7114,1
21,1
2851,0
238,0
574,1
3234,1
3711,1
5047,1
1264,1
6220,1
5231,1
5108,1
2122,1
6325,0
2637,0
8,0
1376,0
5889,1
235,1
4838,1
6040,0
1745,0
5376,0
1485,0
1363,0
5879,0
2529,0
2934,0
4352,0
1435,1
2057,0
738,0
2236,1
2086,0
2373,0
4751,1
6642,1
5105,1
3750,0
3410,0
6894,1
2379,0
5883,0
4388,0
5048,0
2438,0
4795,0
4144,0
3879,1
5995,0
1772,0
1695,0
3835,0
1874,0
6608,1
1644,0
2972,0
6806,0
2018,0
5470,0
2752,1
647,1
1928,1
5409,0
6436,1
3305,1
6774,0
637,0
3431,1
1792,0
3800,0
211,1
1279,1
6008,1
3448,0
1104,0
4272,0
5015,0
3727,0
668,0
2005,0
3352,0
5730,1
907,1
2253,1
1659,0
723,0
2102,0
1177,0
5053,1
5275,0
3735,0
591,0
2720,1
4746,0
2207,0
3512,1
398,0
2431,1
4072,1
1968,0
6730,1
5477,1
3765,0
1816,1
307,1
1113,1
2055,0
6890,1
1299,0
911,1
5076,1
2132,0
4043,0
4450,0
2275,1
3167,1
2569,0
2332,0
1957,0
3746,1
4667,0
6438,0
5144,1
4334,0
2301,1
2794,0
4552,0
2230,1
4330,1
7046,0
5190,0
709,0
6159,0
2931,1
5954,1
2957,0
6378,1
4153,1
4359,1
162,0
634,1
905,1
58,0
4578,1
3567,1
2042,0
6190,1
2310,0
249,0
418,1
5666,0
5380,0
6246,1
3967,1
6601,1
3192,0
3894,1
5636,1
4609,1
357,1
3212,0
7076,0
3508,0
3771,1
1958,1
3806,0
6475,1
5952,0
3496,0
1398,1
5503,0
6213,0
2765,1
5527,0
767,0
267,0
4463,1
3033,0
1338,0
3909,1
5224,1
1614,1
6185,0
1302,1
6286,0
7112,1
6187,0
6352,0
454,1
2214,0
3187,0
2040,0
505,0
2962,1
6346,1
4761,0
5764,0
1184,0
2033,1
5688,1
5552,0
5938,0
5281,1
3641,0
4519,0
7174,0
5438,1
5188,0
6783,1
661,0
4288,1
3823,1
2059,0
3775,0
3132,0
2377,0
6834,1
2971,0
1202,1
1510,0
2899,0
481,0
1900,0
744,1
4534,1
1715,0
2480,0
2082,0
2991,1
3569,0
6954,1
4545,1
1634,1
2813,1
1146,1
2792,0
6670,0
4283,0
669,0
2810,0
2644,0
4155,0
6727,1
1919,0
1494,1
1561,0
2211,0
6043,1
4595,0
1867,1
4412,1
3139,0
6639,0
6959,0
1332,1
2540,0
699,1
158,1
4732,0
3591,1
966,1
5274,0
314,1
2541,1
957,0
378,0
7030,0
1433,0
2128,1
4722,0
4176,0
5660,0
5837,0
568,0
5251,0
241,1
3439,1
6742,1
3613,1
5012,1
945,1
6143,1
3886,0
6760,0
6416,1
2048,0
4704,1
6258,0
5686,0
3296,1
6427,0
2735,1
2327,0
7158,1
4114,0
1575,0
220,0
7132,0
322,1
265,0
1795,1
6747,0
437,0
1452,1
6817,1
3654,1
1051,1
7106,0
5815,0
173,0
924,0
4196,1
4013,1
3540,1
2711,1
4151,1
4109,1
1909,1
1628,0
2861,0
1066,0
2428,1
17,0
2894,1
374,1
432,0
7147,0
4337,1
3623,0
6014,0
994,1
644,0
5737,1
66,0
3617,1
5022,1
4915,1
3790,1
4670,1
617,0
5961,0
4580,0
121,1
366,0
5239,0
2157,1
2679,0
4001,0
771,0
2860,0
4689,1
236,0
2463,1
1734,0
3880,0
4532,0
664,1
4815,0
6103,0
5020,1
4299,0
6399,0
4059,0
5794,0
2858,1
4106,1
5151,1
564,1
3374,1
944,0
5127,0
5608,0
6576,0
5244,1
1572,1
4238,1
2376,0
2636,1
6754,1
2188,1
1035,0
4340,1
717,0
428,0
4786,0
4613,1
6993,1
5466,1
6037,1
2584,0
4460,1
7163,0
2821,0
7014,0
2508,0
6551,1
2108,0
4424,0
1058,1
5928,1
6131,1
2775,1
5046,1
1410,1
5412,1
1849,0
2757,1
5361,0
6002,1
6913,1
3238,1
734,0
6172,0
4779,0
4936,0
1808,0
3662,0
1292,0
7082,1
5522,1
1423,1
1942,0
4496,1
4803,1
5111,1
2126,0
6317,0
4361,1
5458,1
6533,1
6704,0
3690,0
6997,1
5937,1
270,1
6102,1
4707,0
5341,0
1247,0
3044,1
3754,0
2356,1
1174,1
1994,0
186,1
2961,0
3433,0
3155,0
5917,0
4258,1
6595,0
5531,0
6782,0
3655,0
4015,0
773,0
5739,0
34,1
1922,1
6082,0
6919,1
7099,1
156,0
5637,0
2228,1
2927,0
4997,0
3510,1
3489,1
708,1
4215,1
7140,0
876,0
5140,0
5520,0
2721,1
2685,1
4731,0
6005,1
6646,0
4472,0
6684,1
3242,1
6459,0
94,0
5415,0
2142,0
7000,0
2123,1
2314,0
4724,0
5797,0
6382,0
5894,0
1895,1
3902,1
840,0
6789,1
6160,0
315,0
6506,0
1370,0
2078,1
3042,0
4049,0
2596,0
3988,0
1533,0
161,0
3564,1
7031,1
5674,0
1473,1
5793,1
2589,0
4091,0
2076,1
6611,1
5120,1
5389,0
5422,0
7060,1
1110,0
5728,0
5495,1
2004,0
3761,0
5532,1
6630,0
3822,0
3452,0
5836,0
841,0
5325,1
2912,0
6528,1
2852,1
2409,0
1205,0
6334,0
7111,0
6074,0
819,1
3601,0
4403,0
3861,0
3814,1
3647,1
4632,1
1322,0
7124,0
6850,0
2302,0
1189,0
4293,1
1731,0
3616,0
6552,0
6558,0
2304,1
5604,1
5654,0
7077,1
794,0
139,0
3141,1
3991,1
1687,1
5284,0
2370,0
5214,0
4855,0
4111,0
2349,1
849,0
6756,0
6613,0
752,1
6644,1
3726,1
3276,0
3755,1
3309,0
2555,1
3358,0
1947,1
5553,0
2052,1
688,1
3402,1
5343,1
6047,0
3225,0
2989,0
1592,1
3107,1
7117,0
5181,0
2323,0
6285,0
6950,0
2755,1
2046,0
2099,0
6149,1
704,0
1596,1
6101,1
5456,0
1803,0
4220,0
5075,0
4617,0
6770,1
1623,1
6662,1
2707,0
2510,0
4611,1
2393,0
3542,1
2091,0
4651,1
6086,1
4485,0
1971,0
4635,1
3959,0
5411,0
3308,0
4980,1
5753,1
1281,0
2640,0
2412,1
3067,1
6945,1
2350,0
4706,0
276,1
4527,1
3057,0
6184,0
4785,1
6292,1
2984,1
1445,1
3300,0
2472,0
6604,0
1521,1
5374,0
1049,0
547,0
4542,1
4280,1
5142,0
4805,0
4011,0
6690,0
6013,0
1449,1
1100,0
3562,1
555,0
4417,1
798,0
1852,0
412,1
1456,0
4248,1
976,0
3838,0
5735,0
207,1
5288,0
2930,1
7017,1
623,1
386,0
4686,1
5314,1
150,0
5649,0
2848,0
7128,1
6829,0
1001,0
2498,1
4467,0
822,1
3288,1
1340,0
2297,0
5420,1
5768,0
3168,1
420,1
4710,0
6389,0
2300,0
878,0
5192,0
1653,1
3299,1
5726,1
2973,0
107,1
6431,1
6519,1
5788,0
5028,0
6450,1
667,0
3918,1
3101,0
2558,0
1221,1
5297,0
6192,0
3715,1
1379,0
3156,1
5513,1
3147,1
3342,1
226,1
6832,0
833,1
3965,0
7109,1
3180,0
3827,1
2260,0
1451,1
2346,1
517,0
5067,0
1378,1
1269,0
4638,0
6207,0
5850,0
2729,0
4854,0
6616,0
3937,0
1047,0
2090,0
5723,0
3355,1
4556,1
1197,0
3759,0
5986,1
4502,0
1033,1
971,1
2163,0
3915,1
2610,1
6738,0
2545,1
6140,1
2539,1
5523,1
291,1
6477,1
5804,0
1946,0
1295,1
4216,1
2922,0
5079,1
3395,1
6689,0
2806,0
6425,0
3058,1
4778,0
4677,0
5866,1
4652,0
4896,1
6001,0
1798,1
2855,1
1004,0
6510,1
387,0
56,0
1802,1
3492,0
1126,1
5996,0
3720,0
3230,0
4172,0
1358,0
5646,0
626,1
6930,1
3500,0
3077,1
3527,1
2271,1
2906,0
6791,0
2611,1
6038,0
2998,1
6525,0
5100,0
3387,1
3385,1
4600,0
4250,1
583,0
3862,1
1786,1
7058,0
1675,1
1217,1
4275,1
4964,0
3633,0
6212,1
1432,0
6886,0
299,1
1321,0
2866,1
2829,0
1219,0
6151,0
5228,1
533,0
5203,1
5160,1
1082,1
3863,1
4142,0
329,0
5278,1
460,0
5103,1
4004,0
7041,0
6898,0
5210,1
5659,0
1652,1
3320,0
4096,0
2081,0
1712,0
3392,1
4598,0
5308,0
2287,0
4766,0
42,1
3526,1
308,0
4878,1
6956,0
87,1
3767,1
765,0
2031,0
684,0
3794,1
2600,0
4590,0
5081,1
5417,1
4338,0
3217,1
2602,1
3952,0
2155,0
2490,1
7135,1
3118,1
2618,0
3114,0
5975,1
4466,1
3953,0
4239,0
5286,1
2799,0
1719,0
1036,0
1365,1
5204,0
2367,0
4920,1
2049,1
948,1
3507,1
4380,0
5565,1
2420,1
5903,1
6141,0
3386,1
4166,0
5186,1
7168,0
6940,0
71,0
4005,0
5707,0
5450,1
3453,1
3172,0
5993,0
303,0
5178,0
6299,0
597,0
3100,0
4083,0
2847,0
1024,0
6411,1
4413,1
2504,0
2407,0
1670,0
719,0
1168,1
36,1
4026,0
6132,1
3240,0
5742,0
3423,0
3416,0
6017,0
4640,0
685,0
5064,0
194,1
7005,1
3635,0
206,1
6448,0
6752,1
3920,1
5940,0
6584,0
7053,0
6003,0
5116,1
5684,1
7129,0
5897,0
2289,0
159,0
5760,1
6513,1
4147,1
1469,1
4839,1
4768,0
53,0
2643,1
6718,1
4541,1
3836,1
327,1
215,0
5766,1
569,0
5623,0
4941,1
5147,1
4568,0
4756,0
6240,1
5721,1
1651,0
4932,1
5974,0
631,1
3736,0
3400,0
4037,0
6840,0
4124,1
4381,0
5298,1
122,0
2342,0
7068,0
6988,0
2948,0
6556,1
6398,0
1482,0
1694,0
4740,1
6401,1
6801,0
3797,0
5970,1
1298,1
2430,0
6763,0
839,1
177,0
2910,1
1166,1
1527,0
1172,0
2808,0
949,0
3257,0
2700,1
119,0
3346,0
3764,0
5375,1
6725,0
2719,1
5603,0
6937,0
1476,0
2878,0
6607,1
7078,0
3032,0
3153,0
1829,0
2134,1
4636,1
2746,0
692,1
6976,0
3495,1
6958,1
5482,0
4658,0
4117,0
701,1
1357,0
3762,1
5271,0
4965,1
4397,1
3130,0
542,1
6469,1
473,0
113,0
3544,0
4454,0
643,0
871,0
6750,1
25,0
5196,1
2296,0
4762,0
1019,0
5459,1
1654,1
2421,0
2449,0
168,0
2742,1
4245,0
5906,0
3004,1
3236,1
4027,0
5460,1
4511,0
6815,0
5543,0
6844,0
4213,1
112,1
6808,1
6188,1
1669,0
7143,1
1737,0
1421,0
1868,1
6020,0
4060,1
6360,1
889,1
4770,1
3730,0
2226,0
2825,1
1660,0
827,1
3936,0
2039,1
3371,0
5580,1
5479,1
1453,0
2987,1
5342,1
3254,0
4169,1
5504,0
2263,1
6494,1
5881,0
6785,0
6575,0
6483,0
14,1
4516,0
3465,0
6682,1
1258,1
670,0
5156,0
2229,0
3528,0
4033,1
38,1
6889,1
3048,0
5810,0
6482,1
1736,0
4086,0
1650,0
4973,1
2470,1
2200,1
3280,0
4231,0
5256,0
5868,0
1127,0
6706,1
5533,0
5206,0
6441,0
5430,0
4956,1
3773,1
5454,1
6687,0
4389,0
4092,1
6176,0
2460,0
2445,0
6112,0
6547,0
524,0
3425,1
5134,0
1017,1
3026,1
5693,1
2732,1
1125,1
1438,1
356,0
1307,0
5359,1
117,1
796,0
2359,1
1974,1
4034,1
3911,0
651,1
2149,0
6978,0
694,0
6461,0
5888,1
6324,0
2804,0
1227,1
306,0
3341,1
2351,1
6731,1
1480,1
950,1
914,1
855,0
2034,1
804,1
3972,0
3069,0
6326,0
401,0
3294,1
20,1
3670,1
2366,0
5642,0
1169,0
7052,0
5943,1
4219,0
5172,0
6896,1
718,1
6736,1
1749,1
1843,0
861,1
5264,0
4982,0
2478,1
5892,0
1954,1
4003,0
2503,0
2205,0
6721,0
3721,1
5056,0
3490,0
2251,0
1050,0
1504,0
6866,1
3055,0
3738,1
335,0
550,0
3370,0
6673,1
2736,1
1335,1
6848,0
557,0
3612,1
825,1
2879,1
6626,0
1607,0
1478,1
3474,0
504,0
1700,0
5740,1
4367,1
6104,1
959,0
4244,0
2423,0
558,1
1176,0
2165,0
6634,0
239,0
7161,1
1150,1
2001,0
470,0
2958,1
5795,0
1216,0
5442,0
1267,1
6735,0
3176,0
986,0
5260,1
807,0
6842,1
4377,1
2615,1
5443,0
5292,1
3361,0
3555,0
4787,0
700,0
2189,0
2162,1
2177,1
4976,1
4539,0
6171,0
1231,0
6046,1
4063,0
6022,0
5080,1
5097,1
4690,0
2796,1
713,1
1419,1
1054,0
204,0
4728,1
1965,0
2107,0
5329,0
5628,0
5990,1
3419,0
6073,1
1857,0
2493,0
2682,0
5171,0
785,1
6895,1
6939,1
6225,1
31,1
244,0
4836,0
5601,0
6154,0
1022,1
7055,1
4501,0
3258,1
41,0
3565,0
6538,1
3666,0
160,1
3644,0
5647,0
7024,0
1836,0
210,0
4887,1
7141,1
5132,0
2171,1
1784,1
6550,1
5234,1
1519,1
1090,0
6977,1
6615,0
5488,1
2513,0
640,1
1325,1
3571,0
1084,1
1997,0
1294,1
5467,0
2676,0
1474,0
4678,0
2486,1
4575,1
4113,0
5510,0
403,1
3602,0
3429,1
1285,0
1255,1
6385,0
5923,1
1155,0
5464,0
4969,1
983,1
5691,0
6424,0
5713,0
6119,1
1151,1
2385,1
1412,0
606,1
6127,0
2139,1
1274,1
5681,0
4054,0
5439,0
2178,0
2394,0
2701,0
2406,0
4093,0
4264,1
1471,0
4405,1
1486,0
5786,0
4441,1
1986,1
5683,1
1122,1
2191,1
5622,1
248,1
877,0
2,1
4916,1
3519,0
733,0
677,1
1179,1
2874,1
4792,1
571,0
3038,1
6711,1
3405,1
1011,0
97,0
4018,1
6365,0
81,0
3594,0
6627,0
6579,0
6077,1
3068,0
2084,0
1809,0
5641,0
6374,0
5104,0
409,0
3074,1
5956,1
5997,1
3751,1
4187,0
1320,0
4755,0
2105,0
3749,0
1934,0
1907,0
5068,0
2727,0
5988,0
4437,0
2802,1
2273,1
3082,1
4316,1
6036,0
1224,0
4328,0
3543,1
187,0
193,0
5568,1
2015,0
3120,0
6921,0
3080,0
2241,1
5207,0
5223,1
3905,1
6916,0
2975,1
3193,1
5498,1
3693,0
3304,1
5891,0
6878,1
4913,1
2364,1
6676,0
1855,1
2238,1
6233,0
5330,0
331,1
6096,1
4682,0
5388,0
3329,0
1956,0
6932,1
992,0
2199,1
408,0
1869,0
4879,1
6175,1
624,0
4918,0
4479,0
5379,1
5083,0
6403,0
6298,0
3701,1
6600,0
1441,0
2426,0
5560,1
5771,1
4141,0
1782,0
5485,1
974,1
7144,0
2805,0
847,1
6968,0
4168,1
45,1
6980,0
1998,1
7172,1
5150,0
3522,0
6942,1
1767,1
1119,1
2724,0
7142,0
2980,0
1698,1
1356,0
2856,1
6824,0
2443,1
2575,1
1461,1
5716,1
2868,0
2937,0
5331,0
5581,1
3078,0
4827,1
1313,0
2814,1
1823,1
783,0
6234,1
5871,1
2294,1
1708,0
4813,0
4372,0
962,1
3504,1
5226,0
810,0
4365,0
3668,0
6926,1
2896,0
2646,1
5535,0
2674,0
6139,1
469,1
763,1
4335,1
2456,1
1393,1
4633,0
6169,0
6253,0
2419,0
1668,1
6409,1
1892,1
4426,0
6502,0
6580,0
1606,0
6341,1
132,1
1794,0
6435,1
1827,0
7133,0
243,0
1089,0
5241,1
774,0
6592,0
737,0
115,1
6831,1
6904,0
2339,0
7091,0
103,1
2760,1
3260,1
4606,1
4329,1
7050,1
2101,0
7127,0
2380,1
821,0
2523,0
1120,1
6781,1
578,1
4053,1
5392,1
2586,0
1684,1
2598,1
4358,0
2328,0
2083,1
5307,1
6354,0
2992,1
5763,0
1629,0
67,1
6277,1
6420,1
3091,1
2959,1
3165,1
3992,0
1251,0
3218,0
5971,1
4612,1
2690,0
2133,1
2313,0
4301,1
5123,0
6814,0
1032,0
865,0
1812,0
5844,0
2538,1
4860,0
3334,0
3590,0
275,1
5927,0
4906,0
3418,0
6111,0
2768,1
4699,0
6024,1
6929,0
653,0
1009,0
3859,1
4071,0
3364,0
163,0
6812,0
4012,0
352,0
394,1
272,1
3891,1
7121,1
1265,0
6460,0
6079,1
2854,0
1428,1
3675,0
7131,1
3097,0
2071,0
3929,0
1938,0
5662,1
6564,0
6503,1
4411,1
5236,0
3327,1
3561,1
188,1
921,0
1570,0
5671,0
1206,0
729,0
4861,0
5624,0
754,1
3795,1
6335,1
5657,0
4583,1
2375,0
5875,0
6776,1
1384,1
3774,1
2562,0
6272,1
6753,0
4993,1
5193,0
1391,1
2942,1
3002,0
305,1
7108,0
3287,0
3820,0
4876,1
6911,1
2416,0
5098,0
5865,0
4439,0
1539,0
6599,0
4356,0
1662,0
2444,0
4040,0
1,1
5282,1
6672,1
4343,0
5237,0
2664,0
5790,0
3426,0
449,1
1160,0
7067,1
1804,1
4894,0
1844,1
4908,1
2597,1
1726,0
2029,0
6775,0
461,0
3606,0
2479,0
2627,0
6847,1
108,0
5635,0
1822,0
6508,0
1157,0
2837,1
4068,0
3151,0
1341,0
4234,0
2201,1
2880,0
5779,1
1713,0
3580,1
2153,1
1346,0
3271,0
1390,0
3653,0
4226,1
2441,0
845,0
1018,1
3106,1
1503,1
3228,1
1045,0
4681,0
3457,1
5126,1
488,0
444,0
5615,0
6518,0
4284,1
5280,1
2009,0
4127,0
6135,0
5334,0
7116,1
3593,0
1538,1
4940,1
6624,1
2953,1
5311,0
2194,0
5194,0
1583,0
3131,1
2556,1
4905,1
3719,0
5575,1
2578,0
1685,0
6797,0
4900,1
4522,0
1374,1
3732,0
3672,0
6279,0
1940,0
2050,0
1330,0
800,0
2803,0
6960,0
2231,0
2010,1
3483,1
970,0
72,0
6784,1
2299,1
1492,0
4202,0
346,0
345,0
620,0
3245,1
3941,0
2652,0
3194,1
1842,1
6203,1
2608,0
6308,1
2120,0
3819,1
6367,0
4893,0
2938,1
2726,1
2140,1
4097,1
7043,0
4267,0
6586,1
2622,0
1661,1
142,0
4323,0
1517,1
5096,1
997,0
1702,0
5530,0
1284,0
2969,1
456,1
2021,1
44,1
6492,1
1427,0
3036,1
5353,1
3499,0
3683,0
4563,1
1053,1
5787,1
6029,1
805,1
295,0
3660,1
1642,0
4179,0
189,1
2784,1
2269,1
2873,0
3818,1
5262,0
3384,1
953,1
480,0
580,0
6034,1
616,1
6962,0
834,1
3469,1
4824,1
680,1
3685,1
185,0
6349,0
2183,1
6700,0
4586,1
940,0
611,0
4095,0
3337,1
4911,0
2265,0
4983,0
5838,0
4845,1
693,0
3725,1
649,1
2232,0
283,1
5500,1
4379,0
3673,1
5968,1
4814,1
225,0
4801,0
2565,1
3197,0
4685,0
548,0
5858,0
7153,0
1498,0
4945,0
1856,0
993,0
3353,0
1304,0
3563,0
6417,0
47,0
6433,1
6083,0
1334,0
6198,1
76,1
4493,1
1945,0
3684,0
4036,1
4170,0
3011,0
6134,0
5809,1
2593,1
1207,1
874,1
5729,0
4434,1
784,0
2559,0
355,1
3323,1
4573,0
1911,0
5773,1
5782,1
3993,0
2823,0
1814,0
3871,1
2093,0
3231,1
1690,0
2935,0
6137,0
2098,1
1454,0
5091,1
5270,1
3063,0
7171,1
184,1
6033,0
4065,0
3411,1
183,1
5689,0
5959,0
3199,0
6873,1
3273,1
4305,0
3919,0
4884,0
1148,0
3084,0
6542,1
199,0
2237,0
5222,1
2811,1
6313,0
2898,1
2986,1
2190,1
1076,0
12,0
6019,1
3595,0
2655,0
546,0
5711,1
5935,1
6991,0
3970,0
1513,1
1932,1
1961,1
6923,1
3456,0
2897,0
3348,1
5018,0
6464,1
6969,0
4589,1
4430,0
1664,1
919,1
3614,0
6174,1
857,0
6032,0
2064,0
4844,0
2326,1
4031,1
2143,0
3874,1
1643,0
3383,0
5555,0
5463,1
4256,0
6331,0
6316,0
2734,0
4858,1
2936,0
2875,0
365,0
6181,0
5515,0
1130,0
3357,1
256,0
722,0
896,1
947,1
1500,0
4715,1
1008,1
3126,1
3135,1
3596,0
5306,0
1472,0
5199,0
1554,1
6387,1
6126,1
4540,0
1741,0
5673,0
4108,0
1014,0
3697,1
6548,0
3872,1
338,1
5294,0
6214,0
4644,1
1107,1
2309,0
2950,1
1249,1
6375,1
6456,0
4883,0
5751,0
1310,1
6076,1
539,0
2634,1
478,1
7156,0
6828,1
3072,0
4931,0
5268,0
3177,1
3808,0
3403,0
6703,0
136,1
3464,0
2259,1
4748,0
6236,0
5529,0
2156,0
6410,1
1175,1
4154,1
7179,0
6381,1
5587,0
3624,0
4313,0
728,1
3435,0
320,0
4601,0
4385,0
18,1
3437,0
3186,0
3442,0
6987,1
6208,0
63,1
1137,0
1860,1
3262,1
6307,0
3328,1
3136,1
1048,0
1002,1
4281,0
5072,0
6289,0
1222,0
521,1
3900,0
2869,0
1912,1
4553,1
2628,0
3694,0
1579,1
3421,0
5109,1
1850,1
3134,0
6099,0
5005,1
4959,0
2572,1
2515,0
3035,0
4410,1
495,1
4278,1
1834,1
1273,1
6578,0
922,0
5743,0
1339,1
1811,1
4029,0
6541,0
106,0
6193,0
2708,0
6148,1
294,1
4211,0
4241,0
3268,1
3244,1
3488,0
4002,0
6105,0
1970,0
2405,1
6941,1
5423,1
154,0
1211,0
3237,0
4253,0
379,0
4008,0
793,0
1872,1
137,1
6304,0
3450,1
1750,0
5240,1
5980,0
2621,1
4494,0
1501,1
4016,1
3204,0
5878,1
1991,0
6603,1
6447,0
237,0
7074,1
2631,0
4902,1
1743,0
442,0
2492,1
4255,0
3682,0
6587,1
2166,1
6121,1
5725,0
2026,0
6157,1
2712,1
494,0
1949,1
1924,0
4478,1
6061,0
5551,1
7137,0
537,1
6290,0
2777,0
2662,1
4443,1
4623,0
6967,0
2779,0
4487,0
897,0
263,0
3556,0
908,0
2548,0
176,0
3286,0
1676,0
750,0
5169,0
441,1
1154,1
4491,0
1336,1
4351,1
5121,1
2044,1
4783,0
293,0
3784,0
90,1
105,0
4574,0
5600,0
6421,0
6877,1
1005,0
3375,0
672,1
4056,1
753,0
5839,0
2994,1
2815,1
2791,1
4898,1
75,0
5432,1
5086,0
6883,1
5783,1
5189,0
1557,0
2429,1
2672,0
6048,1
6314,0
1611,1
5400,0
385,0
1086,0
6577,0
982,1
2744,0
5166,1
545,0
7154,1
396,0
4251,0
2030,1
511,0
5352,0
2905,0
1865,1
24,1
5333,0
2709,0
2374,0
4588,1
4719,0
1386,1
5130,1
1639,1
1851,0
1188,1
3714,1
3089,0
5125,0
2054,1
80,0
6966,1
1362,0
2653,1
476,1
6368,1
3657,0
776,0
2939,0
5701,0
5731,0
3144,1
3297,0
4645,0
1170,0
4872,0
5994,1
636,0
2843,1
5675,0
2074,1
431,0
6238,0
5040,1
7039,1
4666,1
2544,0
3466,1
2706,1
5644,1
4646,0
147,1
2114,0
2209,1
4674,0
2137,1
5706,0
5806,1
4236,1
3855,1
2759,1
6952,0
1297,1
935,0
5158,1
5163,0
2801,0
5362,1
2396,0
6648,0
4822,0
1016,0
5218,1
955,0
1578,1
5911,1
2452,0
3770,0
5254,1
92,1
2650,0
6400,0
5054,1
5769,0
5424,0
3407,1
191,1
2982,1
6726,0
2000,0
4547,1
6769,0
120,1
1640,1
782,0
166,0
5512,0
3821,1
835,0
2826,1
5408,1
1167,1
5071,1
4435,1
1317,0
4023,0
4808,0
3420,0
1748,1
2485,0
4909,0
2347,0
6228,1
4237,1
820,0
3583,1
4992,0
5526,1
5528,1
1229,0
2944,0
2887,0
5324,0
2594,0
6786,1
223,0
3628,0
6072,0
5055,0
3868,1
1601,1
4797,1
3015,0
4560,1
2793,0
2272,0
6671,1
6396,0
4322,0
3665,0
5453,1
1132,0
6653,1
1979,1
1098,1
5926,1
6822,0
4518,1
468,1
5302,1
1873,0
2717,1
980,0
1544,0
859,1
2398,0
6927,1
6823,1
930,0
4737,1
941,0
2497,1
3524,0
6663,0
1194,1
4693,0
5930,0
426,0
4048,0
7122,0
3646,0
1705,1
6145,0
6570,0
2926,1
2688,0
1877,1
1367,0
1667,0
1070,1
6296,0
2924,0
4184,0
7018,1
1862,0
3903,0
3980,1
3753,1
4725,1
100,0
1716,0
4378,0
6218,0
513,0
2003,0
2876,1
4082,0
952,1
6798,0
2859,1
1342,0
2776,0
6255,1
2520,1
5366,0
1783,0
2668,1
1121,1
6058,1
233,0
3649,1
6633,0
5765,1
868,0
2307,0
3809,1
4311,1
5010,0
3966,0
586,0
1020,0
6537,1
5776,0
7071,1
5003,0
6373,0
4259,1
6357,1
138,1
6491,1
3140,0
3968,0
4270,0
3656,1
4825,0
1064,0
1977,1
4158,1
6856,1
4425,0
2006,1
2981,0
4870,0
742,0
4869,1
2491,0
932,0
4449,0
1959,0
2345,0
1096,1
2613,0
2919,0
4021,0
6303,1
5556,1
2464,1
1584,0
7027,1
6949,1
842,1
4703,1
5062,1
3852,0
1156,0
5185,0
1115,0
4614,0
6849,1
3938,1
2739,1
5548,0
5401,1
407,0
1212,0
5963,1
508,0
3916,0
1590,0
5557,1
4684,0
2790,0
660,0
2527,1
2369,0
26,0
2517,0
2447,0
2838,1
5661,1
2186,1
3179,0
6070,0
1069,0
3710,0
5289,0
6713,0
7042,0
6928,1
2184,1
3043,0
3202,1
4654,0
6178,0
5620,0
5864,0
3779,1
884,0
486,1
2217,1
2731,1
3432,0
3739,1
6343,0
1529,1
2240,0
2173,1
6521,1
6490,1
151,0
6593,1
5029,1
393,0
6078,0
6281,1
2141,1
2660,1
711,0
6201,0
1636,1
4303,0
337,1
4505,1
6902,0
15,1
3005,1
6933,1
6566,0
4178,0
903,0
4877,0
3158,0
5774,1
4262,0
2197,0
3928,0
3813,0
3224,0
2985,0
4664,0
1383,0
5058,1
1648,0
6863,1
2131,1
2501,1
2748,0
1769,1
5315,1
5537,0
1375,0
4051,1
37,1
4862,1
1303,0
3302,0
4890,0
1067,1
4404,1
347,1
1030,1
4249,0
3485,0
5351,0
5605,0
6062,0
4758,0
5216,1
4469,1
2974,0
2677,0
1598,0
1587,0
3239,0
28,0
1992,0
3422,1
6028,0
2487,1
6147,0
1950,1
3123,0
3837,0
321,0
1270,0
2382,0
6470,1
2288,0
549,0
5745,0
1941,0
7170,0
4934,1
35,0
3330,0
885,1
141,0
5187,1
792,1
4874,1
2185,0
3589,1
963,1
6623,1
3535,0
3427,1
6637,0
3333,0
1964,1
5946,1
2062,0
1972,1
5978,0
3799,0
1475,1
1348,1
6486,1
6239,0
2437,1
3319,1
5516,1
5759,0
2461,0
6705,0
1111,1
2284,0
2740,1
6480,0
1763,0
298,0
4194,1
2344,1
2413,1
4289,0
795,1
1044,0
5183,0
2473,0
3010,0
3376,0
826,0
4134,1
7051,1
3175,1
6252,0
6915,0
1948,0
942,0
6807,0
3610,1
5338,0
7119,1
3875,1
1717,0
447,0
2484,0
3741,0
5043,0
5985,1
3932,1
3008,0
3707,1
3275,0
5703,1
2750,0
7,0
6257,0
6468,1
5677,0
2951,1
5128,0
4620,0
1588,0
1930,0
6794,0
6660,1
1196,0
1057,1
6264,1
1742,0
4954,0
3282,0
6443,1
6309,0
1092,0
5680,0
5818,0
2891,0
1112,0
705,0
5948,1
2476,0
5250,0
6507,0
1766,0
4214,0
6851,1
380,1
6780,1
6052,0
1746,1
6295,0
7012,1
5173,0
5820,0
351,0
2138,1
2094,0
2181,0
3890,0
3053,1
6582,0
3173,1
7057,0
2036,1
5886,1
7100,0
1955,0
2633,1
1195,1
6757,0
5709,1
6449,1
32,1
4010,0
1487,1
4514,1
5521,0
3854,1
2264,0
7044,0
4892,1
1369,1
5650,0
6534,1
4420,0
6247,0
6204,0
895,1
5220,0
69,0
6574,1
4396,0
4823,1
1484,0
3529,0
6719,1
300,0
1141,0
3394,0
1984,0
4126,1
4246,1
353,0
1404,1
5859,1
816,1
6748,0
3251,1
5884,0
4105,0
2903,0
6262,1
4374,0
836,0
3501,1
5230,0
6867,0
6474,1
1770,0
130,0
6802,0
567,0
2023,0
1145,1
7093,0
2703,1
3108,0
4227,1
6251,0
5285,0
4607,0
3198,1
1021,0
5356,0
4263,0
5398,0
312,0
1481,1
3640,1
2609,0
3626,1
2920,0
3367,0
6300,0
5208,1
2629,1
5428,0
2822,1
5154,1
598,1
7036,0
3221,1
1807,0
5419,1
2833,1
6661,1
3976,0
769,1
3041,0
114,1
4129,1
13,0
5372,0
3049,1
5870,0
5490,1
4302,1
892,0
1913,0
1548,1
2182,1
3804,1
2932,1
5717,1
4966,1
5332,0
3445,1
5819,1
3051,0
2689,1
2247,0
6155,0
3356,1
6544,0
2119,1
6516,1
1124,0
3944,0
3669,1
6917,0
2645,0
863,0
6115,1
2121,0
5848,0
5119,1
4873,1
7066,0
2943,1
2654,0
2080,1
1007,0
1764,0
2168,0
5391,1
7028,1
2769,1
1261,0
5967,1
6560,1
4512,0
5269,1
5798,0
5602,1
3317,0
6114,0
93,0
5754,0
6837,0
3471,0
2918,0
3783,1
6133,0
9,1
284,0
6386,1
6462,1
5168,0
5563,0
5976,0
4165,1
2863,1
5909,1
5830,1
2507,1
493,0
6922,0
3070,0
2762,1
6992,0
1779,0
879,1
1785,1
1442,0
410,1
5904,0
1560,0
679,1
339,0
5877,1
4028,0
4528,1
2968,1
1023,1
605,0
4524,1
2494,1
3901,0
2579,1
4486,1
5982,0
4471,1
648,1
4067,0
1943,0
3099,0
3216,1
3401,1
7107,0
3040,0
2606,0
4939,0
6467,1
6093,1
4603,1
3062,1
2435,1
7004,0
5803,0
131,0
6888,1
6165,0
6751,0
1882,0
6610,0
5026,0
7139,1
5427,0
958,1
502,0
2945,0
507,0
5318,0
250,0
1493,0
2967,1
6501,0
455,1
2549,1
6734,1
5164,0
770,0
1711,0
4831,0
3817,0
506,0
1351,0
5293,1
1232,1
3322,1
6632,1
4868,0
852,0
6535,1
2109,0
3622,1
6677,0
4926,1
7173,0
2399,0
1632,0
5861,0
1820,1
1147,0
3572,1
6312,0
7118,0
4937,0
1926,0
5387,0
4504,1
2293,1
6746,0
2591,0
3585,0
5350,1
5612,1
1396,1
3318,1
4897,1
5397,1
3025,1
3845,1
4717,1
5696,1
2881,0
4904,0
4390,1
6282,1
3226,0
3517,0
5115,0
6620,1
251,1
2285,0
6057,0
2225,1
5554,1
3552,1
4566,1
4852,0
343,0
5831,0
791,0
4416,0
1477,1
5431,0
2509,1
6788,0
2218,1
3515,0
2877,0
4022,0
2013,1
3648,1
4009,1
6643,1
6909,0
6820,0
3013,1
325,1
2439,1
7075,1
766,1
5354,0
5137,1
397,1
4312,1
6380,1
7152,1
1173,1
3229,1
6397,1
2103,1
5006,0
6476,0
6000,1
2993,1
4208,0
6717,0
3142,1
6364,1
2159,0
5678,0
3963,1
761,0
6694,0
4960,0
3534,0
6166,1
227,0
2741,0
1744,0
638,0
5632,0
5695,0
5242,1
3243,0
2588,1
4834,1
918,1
1026,0
5645,0
6049,0
817,0
6408,1
3530,0
4800,1
943,1
2669,0
4161,1
3810,1
6305,0
5665,0
3253,1
975,0
2623,0
4482,0
95,1
5161,1
6321,0
1328,0
6276,1
5910,1
4461,0
4752,1
4544,0
164,1
5579,0
2088,0
7110,1
1171,0
6951,0
4315,1
4373,0
3338,0
5174,0
3674,0
1990,0
3752,0
5591,1
4296,0
6701,1
2292,0
261,1
3461,1
4406,0
3856,1
824,0
202,1
2904,1
2580,0
4662,0
515,1
5545,0
3111,1
5378,0
2702,1
4853,1
3931,0
3899,1
727,1
1190,0
1180,0
6543,0
4173,1
4835,0
5007,0
